policy_id,partner_id,product_id,inception_date,date_of_birth,gender,province,cover_amount,monthly_premium,policy_status,termination_date,source_file,load_timestamp
POL000001,PART001,PRD001,2025-12-20,1978-12-20,F,Mpumalanga,29600.0,142.08,Active,,policies.csv,2026-09-03 13:30:17
POL000002,PART002,PRD003,2025-12-25,1962-12-25,F,Mpumalanga,50000.0,89.0,Active,,policies.csv,2026-09-03 13:30:17
POL000003,PART001,PRD001,2026-02-12,2000-02-12,M,Eastern Cape,26600.0,127.68,Active,,policies.csv,2026-09-03 13:30:17
POL000004,PART005,PRD009,2026-04-21,1962-04-21,F,KwaZulu-Natal,105800.0,444.36,Active,,policies.csv,2026-09-03 13:30:17
POL000005,PART002,PRD004,2025-08-18,1983-08-18,M,Eastern Cape,75000.0,111.75,Active,,policies.csv,2026-09-03 13:30:17
POL000006,PART005,PRD010,2025-10-08,2005-10-08,M,KwaZulu-Natal,73000.0,255.5,Active,,policies.csv,2026-09-03 13:30:17
POL000007,PART003,PRD005,2026-01-28,1999-01-28,M,Gauteng,92500.0,508.75,Active,,policies.csv,2026-09-03 13:30:17
POL000008,PART002,PRD004,2026-04-22,1964-04-22,M,Eastern Cape,100000.0,149.0,Active,,policies.csv,2026-09-03 13:30:17
POL000009,PART004,PRD007,2026-04-14,1964-04-14,F,Western Cape,167300.0,819.77,Active,,policies.csv,2026-09-03 13:30:17
POL000010,PART004,PRD007,2026-01-27,1980-01-27,M,Eastern Cape,79400.0,389.06,Active,,policies.csv,2026-09-03 13:30:17
POL000011,PART004,PRD008,2026-01-07,1973-01-07,M,Eastern Cape,100000.0,158.67,Active,,policies.csv,2026-09-03 13:30:17
POL000012,PART001,PRD002,2026-04-16,1992-04-16,M,KwaZulu-Natal,100200.0,621.24,Active,,policies.csv,2026-09-03 13:30:17
POL000013,PART003,PRD006,2026-04-22,1998-04-22,M,North West,156400.0,1032.24,Active,,policies.csv,2026-09-03 13:30:17
POL000014,PART004,PRD008,2026-03-06,1981-03-06,F,Mpumalanga,25000.0,39.67,Cancelled,2026-06-30,policies.csv,2026-09-03 13:30:17
POL000015,PART005,PRD009,2025-07-30,2005-07-30,M,KwaZulu-Natal,107800.0,452.76,Active,,policies.csv,2026-09-03 13:30:17
POL000016,PART003,PRD005,2025-09-09,2002-09-09,F,KwaZulu-Natal,77400.0,425.7,Active,,policies.csv,2026-09-03 13:30:17
POL000017,PART004,PRD007,2025-07-10,1979-07-10,F,Western Cape,51300.0,251.37,Active,,policies.csv,2026-09-03 13:30:17
POL000018,PART001,PRD002,2026-01-23,1975-01-23,M,North West,40800.0,252.96,Active,,policies.csv,2026-09-03 13:30:17
POL000019,PART003,PRD006,2025-08-15,2003-08-15,M,Western Cape,158600.0,1046.76,Active,,policies.csv,2026-09-03 13:30:17
POL000020,PART001,PRD001,2026-03-30,2005-03-30,F,Western Cape,71200.0,341.76,Active,,policies.csv,2026-09-03 13:30:17
POL000021,PART001,PRD002,2025-10-23,1968-10-23,F,Western Cape,46400.0,287.68,Active,,policies.csv,2026-09-03 13:30:17
POL000022,PART002,PRD004,2025-10-05,1973-10-05,M,Western Cape,100000.0,149.0,Active,,policies.csv,2026-09-03 13:30:17
POL000023,PART001,PRD001,2026-02-15,1982-02-15,F,KwaZulu-Natal,18800.0,90.24,Active,,policies.csv,2026-09-03 13:30:17
POL000024,PART004,PRD008,2025-08-03,1971-08-03,F,KwaZulu-Natal,25000.0,39.67,Active,,policies.csv,2026-09-03 13:30:17
POL000025,PART002,PRD004,2025-12-18,1985-12-18,M,Western Cape,100000.0,149.0,Active,,policies.csv,2026-09-03 13:30:17
POL000026,PART001,PRD002,2025-10-02,1993-10-02,M,Gauteng,142600.0,884.12,Active,,policies.csv,2026-09-03 13:30:17
POL000027,PART001,PRD002,2025-09-29,1989-09-29,F,Western Cape,136200.0,844.44,Active,,policies.csv,2026-09-03 13:30:17
POL000028,PART004,PRD008,2025-10-11,1997-10-11,F,Gauteng,100000.0,158.67,Active,,policies.csv,2026-09-03 13:30:17
POL000029,PART002,PRD003,2025-07-14,1986-07-14,M,Gauteng,100000.0,178.0,Active,,policies.csv,2026-09-03 13:30:17
POL000030,PART005,PRD009,2025-09-19,2001-09-19,F,Mpumalanga,126400.0,530.88,Cancelled,2026-05-19,policies.csv,2026-09-03 13:30:17
POL000031,PART003,PRD006,2026-03-28,1993-03-28,M,Western Cape,160200.0,1057.32,Active,,policies.csv,2026-09-03 13:30:17
POL000032,PART001,PRD001,2026-04-02,1972-04-02,M,Gauteng,36000.0,172.8,Active,,policies.csv,2026-09-03 13:30:17
POL000033,PART004,PRD008,2026-01-13,1968-01-13,M,Gauteng,50000.0,79.33,Active,,policies.csv,2026-09-03 13:30:17
POL000034,PART003,PRD006,2025-10-14,1969-10-14,F,KwaZulu-Natal,131200.0,865.92,Lapsed,2026-06-30,policies.csv,2026-09-03 13:30:17
POL000035,PART003,PRD006,2025-09-09,1978-09-09,M,Gauteng,119000.0,785.4,Cancelled,2026-02-09,policies.csv,2026-09-03 13:30:17
POL000036,PART005,PRD010,2025-10-12,1972-10-12,M,Western Cape,134400.0,470.4,Active,,policies.csv,2026-09-03 13:30:17
POL000037,PART001,PRD002,2026-03-16,1978-03-16,F,Gauteng,115300.0,714.86,Active,,policies.csv,2026-09-03 13:30:17
POL000038,PART005,PRD009,2026-04-23,1998-04-23,F,Gauteng,142200.0,597.24,Active,,policies.csv,2026-09-03 13:30:17
POL000039,PART005,PRD009,2026-04-23,1979-04-23,M,North West,186300.0,782.46,Active,,policies.csv,2026-09-03 13:30:17
POL000040,PART002,PRD003,2025-07-18,1966-07-18,M,Western Cape,50000.0,89.0,Cancelled,2025-12-18,policies.csv,2026-09-03 13:30:17
POL000041,PART004,PRD008,2026-01-17,2000-01-17,F,Limpopo,25000.0,39.67,Lapsed,2026-04-17,policies.csv,2026-09-03 13:30:17
POL000042,PART001,PRD001,2025-11-22,1979-11-22,F,Limpopo,30600.0,146.88,Active,,policies.csv,2026-09-03 13:30:17
POL000043,PART003,PRD006,2026-01-18,1984-01-18,F,Gauteng,94100.0,621.06,Active,,policies.csv,2026-09-03 13:30:17
POL000044,PART004,PRD007,2025-07-19,1983-07-19,F,Mpumalanga,159000.0,779.1,Active,,policies.csv,2026-09-03 13:30:17
POL000045,PART001,PRD002,2025-07-01,1988-07-01,F,North West,111000.0,688.2,Active,,policies.csv,2026-09-03 13:30:17
POL000046,PART001,PRD001,,1980-01-08,F,Gauteng,28300.0,135.84,Active,,policies.csv,2026-09-03 13:30:17
POL000047,PART001,PRD002,2025-12-22,1966-12-22,F,Western Cape,108300.0,671.46,Active,,policies.csv,2026-09-03 13:30:17
POL000048,PART002,PRD004,2025-12-23,2001-12-23,M,Gauteng,50000.0,74.5,Active,,policies.csv,2026-09-03 13:30:17
POL000049,PART001,PRD002,2025-11-08,1981-11-08,F,Gauteng,137600.0,853.12,Active,,policies.csv,2026-09-03 13:30:17
POL000050,PART005,PRD010,2025-10-26,1984-10-26,F,Gauteng,214900.0,752.15,Active,,policies.csv,2026-09-03 13:30:17
POL000051,PART004,PRD007,2025-12-29,1970-12-29,M,Gauteng,137300.0,672.77,Active,,policies.csv,2026-09-03 13:30:17
POL000052,PART003,PRD005,2026-02-03,2005-02-03,F,Gauteng,47000.0,258.5,Active,,policies.csv,2026-09-03 13:30:17
POL000053,PART005,PRD010,2025-10-24,1993-10-24,F,KwaZulu-Natal,176600.0,618.1,Active,,policies.csv,2026-09-03 13:30:17
POL000054,PART001,PRD002,2025-08-21,1970-08-21,M,KwaZulu-Natal,50100.0,310.62,Active,,policies.csv,2026-09-03 13:30:17
POL000055,PART001,PRD001,2025-08-04,1963-08-04,F,KwaZulu-Natal,55900.0,268.32,Active,,policies.csv,2026-09-03 13:30:17
POL000056,PART003,PRD005,2025-10-18,1961-10-18,M,Mpumalanga,72300.0,397.65,Active,,policies.csv,2026-09-03 13:30:17
POL000059,PART001,PRD001,2025-08-05,1966-08-05,M,KwaZulu-Natal,57900.0,277.92,Active,,policies.csv,2026-09-03 13:30:17
POL000060,PART001,PRD001,2025-07-01,1991-07-01,F,KwaZulu-Natal,69600.0,334.08,Active,,policies.csv,2026-09-03 13:30:17
POL000061,PART001,PRD001,2026-02-20,1972-02-20,M,Western Cape,21700.0,104.16,Active,,policies.csv,2026-09-03 13:30:17
POL000062,PART005,PRD010,2025-10-24,1961-10-24,M,Gauteng,199000.0,696.5,Active,,policies.csv,2026-09-03 13:30:17
POL000063,PART001,PRD002,2026-03-24,1971-03-24,M,Gauteng,53200.0,329.84,Active,,policies.csv,2026-09-03 13:30:17
POL000064,PART004,PRD008,2025-11-12,1997-11-12,F,Gauteng,50000.0,79.33,Active,,policies.csv,2026-09-03 13:30:17
POL000065,PART005,PRD010,2026-02-25,1976-02-25,M,KwaZulu-Natal,90000.0,315.0,Active,,policies.csv,2026-09-03 13:30:17
POL000066,PART001,PRD001,2025-11-28,1970-11-28,M,Gauteng,49500.0,237.6,Active,,policies.csv,2026-09-03 13:30:17
POL000067,PART003,PRD006,2025-08-02,1969-08-02,M,Limpopo,118100.0,779.46,Active,,policies.csv,2026-09-03 13:30:17
POL000068,PART005,PRD009,2025-10-12,1981-10-12,F,KwaZulu-Natal,108400.0,455.28,Active,,policies.csv,2026-09-03 13:30:17
POL000069,PART005,PRD010,2026-01-30,1978-01-30,M,Gauteng,171200.0,599.2,Active,,policies.csv,2026-09-03 13:30:17
POL000070,PART005,PRD009,2025-08-05,1987-08-05,M,KwaZulu-Natal,266900.0,1120.98,Active,,policies.csv,2026-09-03 13:30:17
POL000071,PART004,PRD008,2026-02-09,1971-02-09,M,North West,100000.0,158.67,Active,,policies.csv,2026-09-03 13:30:17
POL000072,PART002,PRD004,2025-10-01,1961-10-01,F,Gauteng,100000.0,149.0,Active,,policies.csv,2026-09-03 13:30:17
POL000073,PART004,PRD007,2025-07-19,1995-07-19,F,Western Cape,88100.0,431.69,Active,,policies.csv,2026-09-03 13:30:17
POL000074,PART005,PRD010,2025-09-17,1961-09-17,F,Gauteng,185400.0,648.9,Active,,policies.csv,2026-09-03 13:30:17
POL000075,PART003,PRD006,2025-07-03,1988-07-03,M,North West,198100.0,1307.46,Active,,policies.csv,2026-09-03 13:30:17
POL000076,PART002,PRD003,2025-08-14,2003-08-14,F,Western Cape,75000.0,133.5,Active,,policies.csv,2026-09-03 13:30:17
POL000077,PART002,PRD003,2025-07-29,1988-07-29,M,Western Cape,75000.0,133.5,Lapsed,2026-04-28,policies.csv,2026-09-03 13:30:17
POL000078,PART004,PRD007,2026-03-16,1972-03-16,M,North West,128500.0,629.65,Cancelled,2026-06-30,policies.csv,2026-09-03 13:30:17
POL000079,PART004,PRD007,2026-02-04,1996-02-04,F,Mpumalanga,109400.0,536.06,Active,,policies.csv,2026-09-03 13:30:17
POL000080,PART003,PRD005,2026-02-02,1973-02-02,M,Western Cape,57400.0,315.7,Active,,policies.csv,2026-09-03 13:30:17
POL000081,PART001,PRD002,2025-10-11,1989-10-11,M,Gauteng,129700.0,804.14,Active,,policies.csv,2026-09-03 13:30:17
POL000082,PART001,PRD001,2026-04-26,1985-04-26,F,Gauteng,28200.0,135.36,Active,,policies.csv,2026-09-03 13:30:17
POL000083,PART003,PRD005,2025-12-17,1985-12-17,M,Western Cape,40800.0,224.4,Active,,policies.csv,2026-09-03 13:30:17
POL000084,PART005,PRD010,2026-03-18,1978-03-18,F,KwaZulu-Natal,239200.0,837.2,Cancelled,2026-06-18,policies.csv,2026-09-03 13:30:17
POL000085,PART002,PRD004,2025-08-16,1965-08-16,M,Eastern Cape,50000.0,74.5,Active,,policies.csv,2026-09-03 13:30:17
POL000086,PART001,PRD001,2025-08-17,1989-08-17,F,KwaZulu-Natal,69600.0,334.08,Active,,policies.csv,2026-09-03 13:30:17
POL000087,PART002,PRD003,2025-12-23,1991-12-23,F,Limpopo,100000.0,178.0,Active,,policies.csv,2026-09-03 13:30:17
POL000088,PART001,PRD002,2026-03-18,1998-03-18,F,KwaZulu-Natal,137500.0,852.5,Active,,policies.csv,2026-09-03 13:30:17
POL000089,PART005,PRD009,2025-11-21,1988-11-21,F,Eastern Cape,123900.0,520.38,Active,,policies.csv,2026-09-03 13:30:17
POL000090,PART001,PRD002,2025-11-01,1978-11-01,M,Gauteng,64700.0,401.14,Active,,policies.csv,2026-09-03 13:30:17
POL000091,PART004,PRD008,2025-08-03,1988-08-03,M,North West,100000.0,158.67,Active,,policies.csv,2026-09-03 13:30:17
POL000092,PART005,PRD009,2026-02-03,1968-02-03,M,Mpumalanga,126500.0,531.3,Active,,policies.csv,2026-09-03 13:30:17
POL000093,PART001,PRD001,2025-11-15,1981-11-15,M,KwaZulu-Natal,55900.0,268.32,Active,,policies.csv,2026-09-03 13:30:17
POL000094,PART001,PRD002,2025-09-24,2003-09-24,F,North West,78800.0,488.56,Active,,policies.csv,2026-09-03 13:30:17
POL000095,PART003,PRD005,2026-02-04,1986-02-04,F,Eastern Cape,26000.0,143.0,Active,,policies.csv,2026-09-03 13:30:17
POL000096,PART005,PRD009,2025-09-15,1996-09-15,M,Limpopo,125900.0,528.78,Active,,policies.csv,2026-09-03 13:30:17
POL000097,PART001,PRD002,2026-01-13,1974-01-13,F,Limpopo,69700.0,432.14,Lapsed,2026-06-30,policies.csv,2026-09-03 13:30:17
POL000098,PART003,PRD006,2025-11-17,1980-11-17,F,Limpopo,113800.0,751.08,Active,,policies.csv,2026-09-03 13:30:17
POL000099,PART001,PRD001,2026-02-28,1969-02-28,M,Limpopo,31200.0,149.76,Active,,policies.csv,2026-09-03 13:30:17
POL000100,PART001,PRD001,2025-11-14,1997-11-14,F,Gauteng,20600.0,98.88,Active,,policies.csv,2026-09-03 13:30:17
POL000101,PART004,PRD008,2025-12-19,1990-12-19,F,Gauteng,50000.0,79.33,Active,,policies.csv,2026-09-03 13:30:17
POL000102,PART002,PRD003,2026-01-29,1963-01-29,M,Gauteng,75000.0,133.5,Active,,policies.csv,2026-09-03 13:30:17
POL000103,PART001,PRD001,2025-12-28,1972-12-28,M,North West,39600.0,190.08,Active,,policies.csv,2026-09-03 13:30:17
POL000104,PART001,PRD001,2026-01-05,1974-01-05,F,Western Cape,40100.0,192.48,Active,,policies.csv,2026-09-03 13:30:17
POL000105,PART004,PRD007,2026-04-15,1979-04-15,F,Mpumalanga,94700.0,464.03,Active,,policies.csv,2026-09-03 13:30:17
POL000106,PART002,PRD004,2026-03-17,1986-03-17,M,Gauteng,25000.0,37.25,Active,,policies.csv,2026-09-03 13:30:17
POL000107,PART001,PRD001,2025-09-12,1961-09-12,F,North West,55900.0,268.32,Active,,policies.csv,2026-09-03 13:30:17
POL000108,PART002,PRD003,2026-03-11,1969-03-11,M,Western Cape,100000.0,178.0,Active,,policies.csv,2026-09-03 13:30:17
POL000109,PART005,PRD010,2025-10-05,2003-10-05,F,North West,157800.0,552.3,Active,,policies.csv,2026-09-03 13:30:17
POL000110,PART005,PRD010,2026-01-19,1989-01-19,F,Gauteng,224500.0,785.75,Active,,policies.csv,2026-09-03 13:30:17
POL000111,PART002,PRD004,2026-01-25,1964-01-25,F,Gauteng,25000.0,37.25,Active,,policies.csv,2026-09-03 13:30:17
POL000112,PART002,PRD003,2025-07-21,1987-07-21,M,Gauteng,50000.0,89.0,Active,,policies.csv,2026-09-03 13:30:17
POL000113,PART005,PRD009,2026-02-23,1966-02-23,M,Western Cape,273900.0,1150.38,Active,,policies.csv,2026-09-03 13:30:17
POL000114,PART003,PRD006,2025-09-12,1969-09-12,F,Limpopo,116600.0,769.56,Active,,policies.csv,2026-09-03 13:30:17
POL000115,PART003,PRD006,2025-12-27,1982-12-27,M,Western Cape,155600.0,1026.96,Lapsed,2026-06-30,policies.csv,2026-09-03 13:30:17
POL000116,PART004,PRD008,2025-07-19,1997-07-19,F,Free State,100000.0,158.67,Active,,policies.csv,2026-09-03 13:30:17
POL000117,PART001,PRD002,2025-09-03,1999-09-03,M,KwaZulu-Natal,45700.0,283.34,Active,,policies.csv,2026-09-03 13:30:17
POL000118,PART003,PRD006,2026-04-25,1969-04-25,F,Western Cape,165600.0,1092.96,Active,,policies.csv,2026-09-03 13:30:17
POL000119,PART004,PRD008,2026-04-18,1995-04-18,F,Western Cape,25000.0,39.67,Active,,policies.csv,2026-09-03 13:30:17
POL000120,PART003,PRD006,2025-12-05,1978-12-05,M,Western Cape,158800.0,1048.08,Active,,policies.csv,2026-09-03 13:30:17
POL000121,PART003,PRD006,2026-03-14,1988-03-14,M,Mpumalanga,144100.0,951.06,Active,,policies.csv,2026-09-03 13:30:17
POL000122,PART004,PRD008,2025-09-20,1998-09-20,M,KwaZulu-Natal,50000.0,79.33,Active,,policies.csv,2026-09-03 13:30:17
POL000123,PART001,PRD001,2025-10-22,1969-10-22,F,Eastern Cape,24400.0,117.12,Active,,policies.csv,2026-09-03 13:30:17
POL000124,PART004,PRD007,2025-12-31,1976-12-31,M,KwaZulu-Natal,153600.0,752.64,Active,,policies.csv,2026-09-03 13:30:17
POL000125,PART004,PRD008,2025-07-30,2004-07-30,F,Gauteng,50000.0,79.33,Active,,policies.csv,2026-09-03 13:30:17
POL000126,PART001,PRD001,2025-08-17,1985-08-17,F,Gauteng,69900.0,335.52,Active,,policies.csv,2026-09-03 13:30:17
POL000127,PART001,PRD001,2025-11-20,1986-11-20,M,Mpumalanga,35000.0,168.0,Active,,policies.csv,2026-09-03 13:30:17
POL000128,PART005,PRD009,2025-08-15,1997-08-15,F,Western Cape,216300.0,908.46,Active,,policies.csv,2026-09-03 13:30:17
POL000129,PART003,PRD006,2025-12-04,1963-12-04,F,Eastern Cape,102500.0,676.5,Active,,policies.csv,2026-09-03 13:30:17
POL000130,PART001,PRD001,2026-03-18,1967-03-18,F,Western Cape,36800.0,176.64,Active,,policies.csv,2026-09-03 13:30:17
POL000131,PART002,PRD004,2025-09-23,2000-09-23,F,KwaZulu-Natal,25000.0,37.25,Cancelled,2026-05-23,policies.csv,2026-09-03 13:30:17
POL000132,PART005,PRD009,2025-12-20,2004-12-20,M,Mpumalanga,256200.0,1076.04,Active,,policies.csv,2026-09-03 13:30:17
POL000133,PART001,PRD002,2025-12-22,1974-12-22,F,Eastern Cape,52400.0,324.88,Active,,policies.csv,2026-09-03 13:30:17
POL000134,PART001,PRD002,2025-07-13,1979-07-13,M,Eastern Cape,127900.0,792.98,Lapsed,2025-12-13,policies.csv,2026-09-03 13:30:17
POL000135,PART003,PRD006,2026-03-21,2001-03-21,M,Free State,102000.0,673.2,Active,,policies.csv,2026-09-03 13:30:17
POL000136,PART003,PRD006,2025-11-14,1976-11-14,F,Mpumalanga,133800.0,883.08,Active,,policies.csv,2026-09-03 13:30:17
POL000137,PART003,PRD006,2025-08-13,2001-08-13,M,North West,166100.0,1096.26,Active,,policies.csv,2026-09-03 13:30:17
POL000138,PART003,PRD006,2026-03-03,2000-03-03,M,Gauteng,74400.0,491.04,Active,,policies.csv,2026-09-03 13:30:17
POL000139,PART001,PRD002,2025-08-12,1982-08-12,M,Eastern Cape,79700.0,494.14,Active,,policies.csv,2026-09-03 13:30:17
POL000141,PART004,PRD007,2026-02-12,1984-02-12,M,Western Cape,136900.0,670.81,Active,,policies.csv,2026-09-03 13:30:17
POL000142,PART005,PRD010,2025-11-01,1973-11-01,F,Gauteng,103400.0,361.9,Active,,policies.csv,2026-09-03 13:30:17
POL000143,PART001,PRD001,2025-12-27,1961-12-27,M,Gauteng,34400.0,165.12,Active,,policies.csv,2026-09-03 13:30:17
POL000144,PART004,PRD008,2025-10-14,1990-10-14,F,Gauteng,75000.0,119.0,Active,,policies.csv,2026-09-03 13:30:17
POL000145,PART005,PRD009,2025-09-17,1985-09-17,F,Mpumalanga,295700.0,1241.94,Active,,policies.csv,2026-09-03 13:30:17
POL000146,PART002,PRD003,2026-03-15,1990-03-15,M,Western Cape,50000.0,89.0,Cancelled,2026-06-15,policies.csv,2026-09-03 13:30:17
POL000147,PART002,PRD004,2025-07-18,1971-07-18,F,Gauteng,50000.0,74.5,Active,,policies.csv,2026-09-03 13:30:17
POL000148,PART004,PRD007,2026-03-07,1995-03-07,M,Mpumalanga,129700.0,635.53,Active,,policies.csv,2026-09-03 13:30:17
POL000149,PART003,PRD005,2026-01-10,1999-01-10,F,Western Cape,99400.0,546.7,Active,,policies.csv,2026-09-03 13:30:17
POL000150,PART004,PRD008,2026-03-29,1992-03-29,M,KwaZulu-Natal,50000.0,79.33,Active,,policies.csv,2026-09-03 13:30:17
POL000151,PART002,PRD004,2025-12-11,1991-12-11,F,North West,75000.0,111.75,Lapsed,2026-03-11,policies.csv,2026-09-03 13:30:17
POL000152,PART004,PRD008,2025-12-21,1984-12-21,F,Gauteng,50000.0,79.33,Active,,policies.csv,2026-09-03 13:30:17
POL000153,PART002,PRD003,2025-07-22,1981-07-22,M,Gauteng,75000.0,133.5,Active,,policies.csv,2026-09-03 13:30:17
POL000154,PART002,PRD003,2025-10-19,1968-10-19,F,North West,100000.0,178.0,Lapsed,2026-02-19,policies.csv,2026-09-03 13:30:17
POL000155,PART003,PRD006,2026-03-11,1984-03-11,F,North West,193600.0,1277.76,Active,,policies.csv,2026-09-03 13:30:17
POL000156,PART002,PRD003,2026-01-04,1967-01-04,F,Mpumalanga,100000.0,178.0,Active,,policies.csv,2026-09-03 13:30:17
POL000157,PART005,PRD010,2025-10-17,1998-10-17,M,Gauteng,216000.0,756.0,Active,,policies.csv,2026-09-03 13:30:17
POL000158,PART003,PRD006,2025-09-22,1971-09-22,F,Gauteng,192800.0,1272.48,Active,,policies.csv,2026-09-03 13:30:17
POL000159,PART003,PRD006,2025-08-10,1991-08-10,F,Western Cape,149300.0,985.38,Active,,policies.csv,2026-09-03 13:30:17
POL000160,PART003,PRD005,2025-08-23,1980-08-23,F,North West,56800.0,312.4,Lapsed,2025-10-23,policies.csv,2026-09-03 13:30:17
POL000161,PART002,PRD003,2025-12-15,1989-12-15,M,Western Cape,50000.0,89.0,Active,,policies.csv,2026-09-03 13:30:17
POL000162,PART001,PRD001,2025-09-26,1973-09-26,M,Mpumalanga,56800.0,272.64,Active,,policies.csv,2026-09-03 13:30:17
POL000163,PART001,PRD002,2026-03-06,1998-03-06,M,Western Cape,131100.0,812.82,Active,,policies.csv,2026-09-03 13:30:17
POL000164,PART004,PRD007,2025-08-20,1985-08-20,F,Gauteng,99600.0,488.04,Active,,policies.csv,2026-09-03 13:30:17
POL000165,PART005,PRD009,2026-01-02,1981-01-02,F,Western Cape,129500.0,543.9,Active,,policies.csv,2026-09-03 13:30:17
POL000166,PART003,PRD005,2025-10-09,1970-10-09,M,Western Cape,48300.0,265.65,Active,,policies.csv,2026-09-03 13:30:17
POL000167,PART004,PRD007,2025-11-01,1980-11-01,M,KwaZulu-Natal,156800.0,768.32,Active,,policies.csv,2026-09-03 13:30:17
POL000168,PART005,PRD009,2025-10-09,1989-10-09,M,Western Cape,111900.0,469.98,Active,,policies.csv,2026-09-03 13:30:17
POL000169,PART005,PRD010,2025-11-15,1976-11-15,M,Mpumalanga,215100.0,752.85,Active,,policies.csv,2026-09-03 13:30:17
POL000170,PART001,PRD001,2026-02-08,1964-02-08,F,Gauteng,56700.0,272.16,Active,,policies.csv,2026-09-03 13:30:17
POL000171,PART004,PRD007,2025-11-08,1983-11-08,M,Free State,184800.0,905.52,Active,,policies.csv,2026-09-03 13:30:17
POL000172,PART001,PRD001,2025-12-05,1984-12-05,M,Eastern Cape,30000.0,144.0,Active,,policies.csv,2026-09-03 13:30:17
POL000173,PART004,PRD008,2025-07-31,1999-07-31,M,Western Cape,75000.0,119.0,Active,,policies.csv,2026-09-03 13:30:17
POL000174,PART004,PRD008,2026-01-18,1969-01-18,M,Western Cape,50000.0,79.33,Active,,policies.csv,2026-09-03 13:30:17
POL000175,PART002,PRD003,2026-02-14,1990-02-14,F,Gauteng,100000.0,178.0,Active,,policies.csv,2026-09-03 13:30:17
POL000176,PART005,PRD010,2025-07-12,1998-07-12,F,Gauteng,122100.0,427.35,Lapsed,2025-12-12,policies.csv,2026-09-03 13:30:17
POL000177,PART001,PRD001,2026-03-17,2003-03-17,F,Western Cape,54000.0,259.2,Active,,policies.csv,2026-09-03 13:30:17
POL000178,PART001,PRD002,2025-12-22,1961-12-22,F,Limpopo,91900.0,569.78,Active,,policies.csv,2026-09-03 13:30:17
POL000179,PART003,PRD005,2025-12-21,1990-12-21,M,Eastern Cape,66500.0,365.75,Active,,policies.csv,2026-09-03 13:30:17
POL000180,PART001,PRD002,2025-11-19,1984-11-19,F,Mpumalanga,134800.0,835.76,Lapsed,2026-01-19,policies.csv,2026-09-03 13:30:17
POL000181,PART004,PRD008,2026-01-17,1974-01-17,M,Mpumalanga,25000.0,39.67,Active,,policies.csv,2026-09-03 13:30:17
POL000182,PART004,PRD008,2025-07-01,1972-07-01,M,Free State,25000.0,39.67,Active,,policies.csv,2026-09-03 13:30:17
POL000183,PART004,PRD007,2025-11-27,1964-11-27,F,Gauteng,90400.0,442.96,Active,,policies.csv,2026-09-03 13:30:17
POL000184,PART001,PRD001,2025-10-04,2000-10-04,M,Free State,61400.0,294.72,Active,,policies.csv,2026-09-03 13:30:17
POL000185,PART004,PRD007,2026-02-18,2005-02-18,F,Gauteng,135900.0,665.91,Active,,policies.csv,2026-09-03 13:30:17
POL000186,PART003,PRD006,2026-04-07,2003-04-07,M,Western Cape,163300.0,1077.78,Active,,policies.csv,2026-09-03 13:30:17
POL000187,PART003,PRD005,2025-09-28,1989-09-28,F,Western Cape,83500.0,459.25,Active,,policies.csv,2026-09-03 13:30:17
POL000188,PART005,PRD009,2026-01-22,1962-01-22,M,Free State,268900.0,1129.38,Active,,policies.csv,2026-09-03 13:30:17
POL000189,PART004,PRD008,2025-09-06,1998-09-06,F,Gauteng,75000.0,119.0,Active,,policies.csv,2026-09-03 13:30:17
POL000190,PART004,PRD007,2026-03-30,2000-03-30,M,Western Cape,73000.0,357.7,Active,,policies.csv,2026-09-03 13:30:17
POL000191,PART005,PRD009,2026-02-17,2006-02-17,M,Western Cape,231700.0,973.14,Active,,policies.csv,2026-09-03 13:30:17
POL000192,PART001,PRD001,2025-09-23,2000-09-23,M,Gauteng,60800.0,291.84,Active,,policies.csv,2026-09-03 13:30:17
POL000193,PART002,PRD004,2026-01-20,1984-01-20,M,KwaZulu-Natal,25000.0,37.25,Active,,policies.csv,2026-09-03 13:30:17
POL000194,PART003,PRD006,2025-08-21,2000-08-21,F,Western Cape,195400.0,1289.64,Lapsed,2025-11-21,policies.csv,2026-09-03 13:30:17
POL000195,PART002,PRD004,2025-09-04,1992-09-04,M,KwaZulu-Natal,100000.0,149.0,Active,,policies.csv,2026-09-03 13:30:17
POL000196,PART001,PRD002,2026-02-02,2001-02-02,M,Limpopo,37700.0,233.74,Active,,policies.csv,2026-09-03 13:30:17
POL000197,PART001,PRD002,2026-03-05,1984-03-05,M,Gauteng,55600.0,344.72,Active,,policies.csv,2026-09-03 13:30:17
POL000198,PART003,PRD005,2025-11-27,1994-11-27,M,Gauteng,38500.0,211.75,Active,,policies.csv,2026-09-03 13:30:17
POL000199,PART003,PRD005,2026-03-11,1977-03-11,M,Western Cape,30900.0,169.95,Active,,policies.csv,2026-09-03 13:30:17
POL000200,PART004,PRD007,2025-09-18,1971-09-18,M,Free State,107600.0,527.24,Lapsed,2026-02-18,policies.csv,2026-09-03 13:30:17
POL000201,PART005,PRD009,2026-03-28,1995-03-28,F,Gauteng,233400.0,980.28,Cancelled,2026-06-30,policies.csv,2026-09-03 13:30:17
POL000202,PART004,PRD008,2026-01-01,1992-01-01,F,Western Cape,25000.0,39.67,Active,,policies.csv,2026-09-03 13:30:17
POL000203,PART005,PRD010,2026-02-27,1966-02-27,M,Gauteng,220100.0,770.35,Active,,policies.csv,2026-09-03 13:30:17
POL000204,PART001,PRD001,2025-11-21,1969-11-21,M,Limpopo,29400.0,141.12,Active,,policies.csv,2026-09-03 13:30:17
POL000205,PART005,PRD009,2026-02-20,1985-02-20,F,Gauteng,127300.0,534.66,Active,,policies.csv,2026-09-03 13:30:17
POL000206,PART004,PRD007,2025-11-24,1996-11-24,M,Gauteng,84100.0,412.09,Active,,policies.csv,2026-09-03 13:30:17
POL000207,PART002,PRD004,2026-04-06,1976-04-06,F,Limpopo,100000.0,149.0,Active,,policies.csv,2026-09-03 13:30:17
POL000208,PART004,PRD008,2025-11-05,1999-11-05,F,North West,100000.0,158.67,Active,,policies.csv,2026-09-03 13:30:17
POL000209,PART001,PRD001,2026-04-02,1998-04-02,F,KwaZulu-Natal,42600.0,204.48,Active,,policies.csv,2026-09-03 13:30:17
POL000210,PART001,PRD001,2026-02-15,1985-02-15,M,Western Cape,72300.0,347.04,Active,,policies.csv,2026-09-03 13:30:17
POL000211,PART003,PRD005,2026-03-14,1967-03-14,F,North West,91100.0,501.05,Cancelled,2026-06-30,policies.csv,2026-09-03 13:30:17
POL000212,PART004,PRD008,2025-07-18,1985-07-18,M,Gauteng,100000.0,158.67,Active,,policies.csv,2026-09-03 13:30:17
POL000213,PART003,PRD005,2026-04-22,1965-04-22,M,Western Cape,57300.0,315.15,Active,,policies.csv,2026-09-03 13:30:17
POL000214,PART004,PRD007,2026-04-04,1969-04-04,F,Western Cape,133200.0,652.68,Active,,policies.csv,2026-09-03 13:30:17
POL000215,PART004,PRD007,2025-11-03,1993-11-03,M,Gauteng,62600.0,306.74,Active,,policies.csv,2026-09-03 13:30:17
POL000216,PART004,PRD007,2026-03-30,1975-03-30,F,Eastern Cape,101000.0,494.9,Active,,policies.csv,2026-09-03 13:30:17
POL000217,PART003,PRD006,2026-01-17,1994-01-17,F,Gauteng,126600.0,835.56,Active,,policies.csv,2026-09-03 13:30:17
POL000218,PART003,PRD005,2025-08-02,1985-08-02,M,Western Cape,72900.0,400.95,Active,,policies.csv,2026-09-03 13:30:17
POL000219,PART003,PRD006,2026-04-26,1969-04-26,M,Eastern Cape,80700.0,532.62,Active,,policies.csv,2026-09-03 13:30:17
POL000220,PART001,PRD002,2026-01-25,2003-01-25,M,KwaZulu-Natal,99500.0,616.9,Active,,policies.csv,2026-09-03 13:30:17
POL000221,PART001,PRD001,2025-11-04,1975-11-04,F,Western Cape,20300.0,97.44,Active,,policies.csv,2026-09-03 13:30:17
POL000222,PART002,PRD003,2025-08-25,1971-08-25,F,Mpumalanga,50000.0,89.0,Active,,policies.csv,2026-09-03 13:30:17
POL000223,PART003,PRD006,2025-10-16,1994-10-16,M,Gauteng,68900.0,454.74,Active,,policies.csv,2026-09-03 13:30:17
POL000224,PART003,PRD006,2025-09-08,1994-09-08,F,KwaZulu-Natal,146600.0,967.56,Active,,policies.csv,2026-09-03 13:30:17
POL000225,PART003,PRD006,2026-04-07,1971-04-07,M,Gauteng,173400.0,1144.44,Active,,policies.csv,2026-09-03 13:30:17
POL000226,PART005,PRD010,2026-02-28,1993-02-28,M,Limpopo,182700.0,639.45,Lapsed,2026-06-30,policies.csv,2026-09-03 13:30:17
POL000227,PART001,PRD001,2025-10-29,1961-10-29,F,Western Cape,20600.0,98.88,Active,,policies.csv,2026-09-03 13:30:17
POL000228,PART005,PRD010,2025-10-24,2002-10-24,F,Mpumalanga,143000.0,500.5,Active,,policies.csv,2026-09-03 13:30:17
POL000229,PART005,PRD009,2026-01-06,1974-01-06,F,Western Cape,91300.0,383.46,Active,,policies.csv,2026-09-03 13:30:17
POL000230,PART001,PRD001,2026-04-10,1980-04-10,M,Limpopo,71800.0,344.64,Active,,policies.csv,2026-09-03 13:30:17
POL000231,PART001,PRD001,2025-10-09,1967-10-09,F,Limpopo,61400.0,294.72,Active,,policies.csv,2026-09-03 13:30:17
POL000232,PART003,PRD006,2025-07-17,1988-07-17,F,KwaZulu-Natal,79600.0,525.36,Active,,policies.csv,2026-09-03 13:30:17
POL000233,PART005,PRD009,2026-02-07,1994-02-07,M,Western Cape,270500.0,1136.1,Active,,policies.csv,2026-09-03 13:30:17
POL000234,PART001,PRD002,2026-04-13,1991-04-13,F,KwaZulu-Natal,146600.0,908.92,Active,,policies.csv,2026-09-03 13:30:17
POL000235,PART004,PRD007,2026-01-15,1975-01-15,F,Eastern Cape,179600.0,880.04,Lapsed,2026-06-30,policies.csv,2026-09-03 13:30:17
POL000236,PART002,PRD004,2026-04-08,1992-04-08,F,Western Cape,25000.0,37.25,Active,,policies.csv,2026-09-03 13:30:17
POL000237,PART005,PRD010,2025-10-30,1991-10-30,M,Gauteng,244800.0,856.8,Active,,policies.csv,2026-09-03 13:30:17
POL000238,PART001,PRD002,2026-04-04,1980-04-04,M,Free State,139500.0,864.9,Active,,policies.csv,2026-09-03 13:30:17
POL000239,PART003,PRD006,2025-09-14,1986-09-14,M,KwaZulu-Natal,180200.0,1189.32,Active,,policies.csv,2026-09-03 13:30:17
POL000240,PART001,PRD001,2025-07-11,2004-07-11,M,Limpopo,43700.0,209.76,Active,,policies.csv,2026-09-03 13:30:17
POL000241,PART002,PRD003,2026-01-05,1962-01-05,F,Gauteng,100000.0,178.0,Active,,policies.csv,2026-09-03 13:30:17
POL000242,PART003,PRD005,2026-01-20,1984-01-20,F,KwaZulu-Natal,54900.0,301.95,Lapsed,2026-06-30,policies.csv,2026-09-03 13:30:17
POL000243,PART001,PRD002,2025-10-24,1993-10-24,F,Gauteng,59900.0,371.38,Active,,policies.csv,2026-09-03 13:30:17
POL000244,PART001,PRD001,2026-02-24,1965-02-24,M,Gauteng,74000.0,355.2,Active,,policies.csv,2026-09-03 13:30:17
POL000245,PART003,PRD006,2025-09-22,1967-09-22,M,KwaZulu-Natal,65800.0,434.28,Active,,policies.csv,2026-09-03 13:30:17
POL000246,PART005,PRD009,2026-01-08,2006-01-08,M,Mpumalanga,146700.0,616.14,Active,,policies.csv,2026-09-03 13:30:17
POL000247,PART002,PRD003,2025-10-05,1995-10-05,M,Limpopo,50000.0,89.0,Active,,policies.csv,2026-09-03 13:30:17
POL000248,PART004,PRD999,2025-09-02,1976-09-02,M,Free State,75000.0,119.0,Active,,policies.csv,2026-09-03 13:30:17
POL000249,PART003,PRD005,2025-09-12,2003-09-12,M,KwaZulu-Natal,66200.0,364.1,Lapsed,2026-05-12,policies.csv,2026-09-03 13:30:17
POL000250,PART002,PRD004,2025-11-12,1974-11-12,M,KwaZulu-Natal,50000.0,74.5,Active,,policies.csv,2026-09-03 13:30:17
POL000251,PART004,PRD008,2025-12-10,1983-12-10,F,Eastern Cape,100000.0,158.67,Active,,policies.csv,2026-09-03 13:30:17
POL000252,PART002,PRD003,2026-01-31,1978-01-31,F,North West,50000.0,89.0,Active,,policies.csv,2026-09-03 13:30:17
POL000253,PART005,PRD009,2025-07-19,1996-07-19,M,Mpumalanga,152500.0,640.5,Active,,policies.csv,2026-09-03 13:30:17
POL000254,PART002,PRD004,2026-03-28,1995-03-28,M,Gauteng,50000.0,74.5,Active,,policies.csv,2026-09-03 13:30:17
POL000255,PART003,PRD005,2026-01-18,1975-01-18,F,Eastern Cape,91400.0,502.7,Active,,policies.csv,2026-09-03 13:30:17
POL000256,PART002,PRD003,2025-07-24,1968-07-24,M,KwaZulu-Natal,75000.0,133.5,Lapsed,2026-03-24,policies.csv,2026-09-03 13:30:17
POL000257,PART004,PRD008,2026-04-23,1981-04-23,F,Western Cape,25000.0,39.67,Active,,policies.csv,2026-09-03 13:30:17
POL000258,PART003,PRD005,2025-07-21,1964-07-21,F,North West,87500.0,481.25,Lapsed,2026-02-21,policies.csv,2026-09-03 13:30:17
POL000259,PART003,PRD005,2025-08-30,1997-08-30,F,Western Cape,90800.0,499.4,Active,,policies.csv,2026-09-03 13:30:17
POL000260,PART003,PRD005,2026-01-16,1985-01-16,M,Western Cape,78200.0,430.1,Active,,policies.csv,2026-09-03 13:30:17
POL000261,PART005,PRD009,2026-04-27,1973-04-27,M,Western Cape,276500.0,1161.3,Active,,policies.csv,2026-09-03 13:30:17
POL000262,PART002,PRD004,2025-12-18,1962-12-18,F,KwaZulu-Natal,75000.0,111.75,Active,,policies.csv,2026-09-03 13:30:17
POL000263,PART005,PRD009,2025-10-31,1973-10-31,M,Limpopo,229200.0,962.64,Active,,policies.csv,2026-09-03 13:30:17
POL000264,PART004,PRD008,2026-01-12,1975-01-12,F,Gauteng,50000.0,79.33,Active,,policies.csv,2026-09-03 13:30:17
POL000265,PART003,PRD006,2025-12-27,1996-12-27,F,Western Cape,187000.0,1234.2,Active,,policies.csv,2026-09-03 13:30:17
POL000266,PART002,PRD003,2026-03-18,2000-03-18,M,Mpumalanga,25000.0,44.5,Active,,policies.csv,2026-09-03 13:30:17
POL000267,PART003,PRD005,2025-08-15,1979-08-15,F,Gauteng,45000.0,247.5,Lapsed,2026-04-15,policies.csv,2026-09-03 13:30:17
POL000268,PART001,PRD002,2026-03-23,1966-03-23,M,Limpopo,57800.0,358.36,Active,,policies.csv,2026-09-03 13:30:17
POL000269,PART005,PRD009,2025-09-15,1990-09-15,M,Western Cape,194200.0,815.64,Cancelled,2026-01-15,policies.csv,2026-09-03 13:30:17
POL000270,PART001,PRD002,2025-11-03,2004-11-03,F,Gauteng,62800.0,389.36,Lapsed,2026-05-03,policies.csv,2026-09-03 13:30:17
POL000271,PART005,PRD009,2025-09-20,1983-09-20,F,KwaZulu-Natal,82300.0,345.66,Lapsed,2026-01-20,policies.csv,2026-09-03 13:30:17
POL000272,PART005,PRD010,2025-07-15,1982-07-15,M,North West,196100.0,686.35,Active,,policies.csv,2026-09-03 13:30:17
POL000273,PART001,PRD002,2025-07-02,1974-07-02,F,Gauteng,119000.0,737.8,Lapsed,2026-03-02,policies.csv,2026-09-03 13:30:17
POL000274,PART004,PRD007,2025-11-17,1981-11-17,F,Gauteng,77700.0,380.73,Active,,policies.csv,2026-09-03 13:30:17
POL000275,PART004,PRD008,2025-09-19,1977-09-19,F,KwaZulu-Natal,25000.0,39.67,Cancelled,2026-01-19,policies.csv,2026-09-03 13:30:17
POL000276,PART003,PRD006,2025-11-08,1996-11-08,F,Western Cape,142900.0,943.14,Active,,policies.csv,2026-09-03 13:30:17
POL000277,PART005,PRD009,2025-07-26,1961-07-26,M,Western Cape,274300.0,1152.06,Active,,policies.csv,2026-09-03 13:30:17
POL000278,PART004,PRD008,2025-11-28,1994-11-28,F,Limpopo,75000.0,119.0,Active,,policies.csv,2026-09-03 13:30:17
POL000279,PART002,PRD004,2026-01-19,2003-01-19,F,KwaZulu-Natal,25000.0,37.25,Active,,policies.csv,2026-09-03 13:30:17
POL000280,PART004,PRD007,2025-07-04,1971-07-04,F,Gauteng,100800.0,493.92,Active,,policies.csv,2026-09-03 13:30:17
POL000281,PART005,PRD009,2025-09-02,2000-09-02,F,Limpopo,194100.0,815.22,Cancelled,2026-04-02,policies.csv,2026-09-03 13:30:17
POL000282,PART002,PRD003,2025-12-03,1989-12-03,F,Gauteng,75000.0,133.5,Active,,policies.csv,2026-09-03 13:30:17
POL000283,PART002,PRD004,2025-09-09,1989-09-09,F,Gauteng,25000.0,37.25,Active,,policies.csv,2026-09-03 13:30:17
POL000284,PART005,PRD009,2025-08-23,1977-08-23,F,Gauteng,271200.0,1139.04,Active,,policies.csv,2026-09-03 13:30:17
POL000285,PART002,PRD004,2026-02-19,1970-02-19,F,Free State,25000.0,37.25,Active,,policies.csv,2026-09-03 13:30:17
POL000286,PART002,PRD003,2026-03-04,1977-03-04,M,Limpopo,50000.0,89.0,Active,,policies.csv,2026-09-03 13:30:17
POL000287,PART002,PRD003,2025-10-10,2005-10-10,M,Gauteng,100000.0,178.0,Active,,policies.csv,2026-09-03 13:30:17
POL000288,PART001,PRD002,2025-08-24,1984-08-24,F,Gauteng,133900.0,830.18,Cancelled,2026-02-24,policies.csv,2026-09-03 13:30:17
POL000289,PART002,PRD003,2026-03-08,2005-03-08,F,Mpumalanga,75000.0,133.5,Active,,policies.csv,2026-09-03 13:30:17
POL000290,PART004,PRD007,2026-01-06,1985-01-06,F,North West,176500.0,864.85,Cancelled,2026-06-06,policies.csv,2026-09-03 13:30:17
POL000291,PART004,PRD008,2026-04-14,1995-04-14,M,Eastern Cape,75000.0,119.0,Active,,policies.csv,2026-09-03 13:30:17
POL000292,PART001,PRD002,2026-04-04,1997-04-04,F,KwaZulu-Natal,101000.0,626.2,Active,,policies.csv,2026-09-03 13:30:17
POL000293,PART002,PRD003,2025-10-14,2003-10-14,M,Gauteng,75000.0,133.5,Active,,policies.csv,2026-09-03 13:30:17
POL000294,PART003,PRD005,2025-11-07,1993-11-07,M,Western Cape,63400.0,348.7,Active,,policies.csv,2026-09-03 13:30:17
POL000295,PART001,PRD002,2025-11-02,1968-11-02,M,KwaZulu-Natal,67300.0,417.26,Active,,policies.csv,2026-09-03 13:30:17
POL000296,PART002,PRD004,2026-03-12,1993-03-12,F,Western Cape,25000.0,37.25,Active,,policies.csv,2026-09-03 13:30:17
POL000297,PART004,PRD008,2025-12-24,1988-12-24,M,KwaZulu-Natal,25000.0,39.67,Active,,policies.csv,2026-09-03 13:30:17
POL000298,PART004,PRD008,2025-07-17,1976-07-17,M,Gauteng,25000.0,39.67,Active,,policies.csv,2026-09-03 13:30:17
POL000299,PART004,PRD007,2025-09-17,1982-09-17,F,KwaZulu-Natal,109300.0,535.57,Active,,policies.csv,2026-09-03 13:30:17
POL000300,PART001,PRD001,2026-02-18,1970-02-18,F,Gauteng,33700.0,161.76,Active,,policies.csv,2026-09-03 13:30:17
POL000301,PART001,PRD002,2026-01-04,1974-01-04,F,KwaZulu-Natal,94700.0,587.14,Active,,policies.csv,2026-09-03 13:30:17
POL000302,PART004,PRD008,,2006-03-28,F,Eastern Cape,50000.0,79.33,Cancelled,2026-06-28,policies.csv,2026-09-03 13:30:17
POL000303,PART003,PRD006,2026-04-25,1963-04-25,F,Mpumalanga,146800.0,968.88,Active,,policies.csv,2026-09-03 13:30:17
POL000304,PART002,PRD004,2026-01-24,2005-01-24,F,Western Cape,50000.0,74.5,Active,,policies.csv,2026-09-03 13:30:17
POL000305,PART003,PRD005,2026-01-22,1992-01-22,M,KwaZulu-Natal,83800.0,460.9,Active,,policies.csv,2026-09-03 13:30:17
POL000306,PART005,PRD009,2025-11-14,1980-11-14,F,North West,224000.0,940.8,Lapsed,2026-01-14,policies.csv,2026-09-03 13:30:17
POL000307,PART004,PRD008,2026-03-16,1999-03-16,F,Mpumalanga,100000.0,158.67,Active,,policies.csv,2026-09-03 13:30:17
POL000308,PART003,PRD006,2026-04-24,1975-04-24,M,Free State,186500.0,1230.9,Active,,policies.csv,2026-09-03 13:30:17
POL000309,PART005,PRD009,2025-07-26,1983-07-26,M,Free State,81400.0,341.88,Active,,policies.csv,2026-09-03 13:30:17
POL000310,PART005,PRD010,2026-02-05,1975-02-05,M,Mpumalanga,178300.0,624.05,Active,,policies.csv,2026-09-03 13:30:17
POL000311,PART005,PRD009,2025-07-05,1966-07-05,F,Mpumalanga,253000.0,1062.6,Active,,policies.csv,2026-09-03 13:30:17
POL000312,PART001,PRD001,2026-03-18,2005-03-18,M,North West,70100.0,336.48,Active,,policies.csv,2026-09-03 13:30:17
POL000313,PART002,PRD004,2025-11-10,2000-11-10,M,Western Cape,75000.0,111.75,Active,,policies.csv,2026-09-03 13:30:17
POL000314,PART005,PRD009,2026-03-19,1993-03-19,F,Gauteng,215900.0,906.78,Active,,policies.csv,2026-09-03 13:30:17
POL000315,PART003,PRD005,2025-08-31,1997-08-31,F,Limpopo,38800.0,213.4,Active,,policies.csv,2026-09-03 13:30:17
POL000316,PART002,PRD003,2025-11-17,1986-11-17,M,Eastern Cape,25000.0,44.5,Active,,policies.csv,2026-09-03 13:30:17
POL000317,PART001,PRD002,2026-04-23,2002-04-23,F,Gauteng,121300.0,752.06,Active,,policies.csv,2026-09-03 13:30:17
POL000318,PART005,PRD009,2026-01-13,1976-01-13,M,Mpumalanga,100400.0,421.68,Active,,policies.csv,2026-09-03 13:30:17
POL000319,PART005,PRD010,2025-08-06,1978-08-06,F,Limpopo,151200.0,529.2,Active,,policies.csv,2026-09-03 13:30:17
POL000320,PART004,PRD007,2025-10-23,2003-10-23,M,Western Cape,66100.0,323.89,Cancelled,2025-12-23,policies.csv,2026-09-03 13:30:17
POL000321,PART001,PRD002,2025-07-16,1961-07-16,M,KwaZulu-Natal,139000.0,861.8,Active,,policies.csv,2026-09-03 13:30:17
POL000322,PART004,PRD007,2025-10-30,1967-10-30,F,KwaZulu-Natal,179200.0,878.08,Active,,policies.csv,2026-09-03 13:30:17
POL000323,PART003,PRD006,2025-11-23,1963-11-23,F,Gauteng,144700.0,955.02,Lapsed,2026-04-23,policies.csv,2026-09-03 13:30:17
POL000324,PART001,PRD001,2025-09-07,1996-09-07,M,Western Cape,65800.0,315.84,Active,,policies.csv,2026-09-03 13:30:17
POL000325,PART002,PRD003,2026-03-23,1975-03-23,M,KwaZulu-Natal,75000.0,133.5,Active,,policies.csv,2026-09-03 13:30:17
POL000326,PART001,PRD001,2025-10-07,1978-10-07,M,Eastern Cape,63000.0,302.4,Active,,policies.csv,2026-09-03 13:30:17
POL000327,PART005,PRD010,2025-08-05,1974-08-05,M,Gauteng,147800.0,517.3,Active,,policies.csv,2026-09-03 13:30:17
POL000328,PART002,PRD003,2026-02-07,2005-02-07,M,KwaZulu-Natal,75000.0,133.5,Active,,policies.csv,2026-09-03 13:30:17
POL000329,PART005,PRD009,2025-11-11,1968-11-11,M,Gauteng,284000.0,1192.8,Lapsed,2026-02-11,policies.csv,2026-09-03 13:30:17
POL000330,PART005,PRD010,2025-11-10,1991-11-10,M,Gauteng,166700.0,583.45,Lapsed,2026-02-10,policies.csv,2026-09-03 13:30:17
POL000331,PART001,PRD001,2025-12-28,1998-12-28,M,Gauteng,27400.0,131.52,Active,,policies.csv,2026-09-03 13:30:17
POL000332,PART003,PRD006,2026-02-15,1993-02-15,M,Free State,199500.0,1316.7,Lapsed,2026-06-30,policies.csv,2026-09-03 13:30:17
POL000333,PART005,PRD010,2025-12-31,1968-12-31,F,Gauteng,112200.0,392.7,Active,,policies.csv,2026-09-03 13:30:17
POL000334,PART005,PRD009,2025-09-23,1974-09-23,M,Gauteng,92000.0,386.4,Active,,policies.csv,2026-09-03 13:30:17
POL000335,PART002,PRD004,2025-10-05,1972-10-05,F,Eastern Cape,75000.0,111.75,Active,,policies.csv,2026-09-03 13:30:17
POL000336,PART003,PRD006,2026-04-02,1978-04-02,F,Limpopo,76200.0,502.92,Active,,policies.csv,2026-09-03 13:30:17
POL000337,PART005,PRD009,2026-03-05,2003-03-05,M,North West,286000.0,1201.2,Active,,policies.csv,2026-09-03 13:30:17
POL000338,PART005,PRD010,2025-11-06,1997-11-06,M,Gauteng,119300.0,417.55,Active,,policies.csv,2026-09-03 13:30:17
POL000339,PART002,PRD003,2025-08-24,1994-08-24,F,Limpopo,75000.0,133.5,Active,,policies.csv,2026-09-03 13:30:17
POL000340,PART005,PRD010,2025-09-27,1964-09-27,M,Gauteng,194800.0,681.8,Active,,policies.csv,2026-09-03 13:30:17
POL000341,PART001,PRD001,2025-07-09,1971-07-09,F,Limpopo,54900.0,263.52,Active,,policies.csv,2026-09-03 13:30:17
POL000342,PART003,PRD005,2026-01-25,1978-01-25,M,Western Cape,31900.0,175.45,Active,,policies.csv,2026-09-03 13:30:17
POL000343,PART004,PRD008,2026-03-06,1988-03-06,M,Western Cape,25000.0,39.67,Active,,policies.csv,2026-09-03 13:30:17
POL000344,PART005,PRD009,2025-11-23,1999-11-23,F,Gauteng,140700.0,590.94,Lapsed,2026-03-23,policies.csv,2026-09-03 13:30:17
POL000345,PART005,PRD010,2025-09-24,1996-09-24,M,Western Cape,170000.0,595.0,Active,,policies.csv,2026-09-03 13:30:17
POL000346,PART001,PRD001,2025-10-26,1983-10-26,F,Mpumalanga,34900.0,167.52,Active,,policies.csv,2026-09-03 13:30:17
POL000348,PART005,PRD010,2025-09-10,1984-09-10,F,Gauteng,110100.0,385.35,Active,,policies.csv,2026-09-03 13:30:17
POL000349,PART002,PRD003,2025-09-04,1997-09-04,F,Western Cape,75000.0,133.5,Active,,policies.csv,2026-09-03 13:30:17
POL000350,PART001,PRD001,2025-09-09,1998-09-09,M,Western Cape,51900.0,249.12,Active,,policies.csv,2026-09-03 13:30:17
POL000351,PART004,PRD007,2025-10-23,2000-10-23,F,Gauteng,60900.0,298.41,Active,,policies.csv,2026-09-03 13:30:17
POL000352,PART001,PRD002,2026-01-29,1977-01-29,M,North West,74000.0,458.8,Active,,policies.csv,2026-09-03 13:30:17
POL000353,PART004,PRD007,2025-10-04,2004-10-04,F,Western Cape,115700.0,566.93,Active,,policies.csv,2026-09-03 13:30:17
POL000354,PART005,PRD009,2025-09-26,1993-09-26,M,Limpopo,269800.0,1133.16,Active,,policies.csv,2026-09-03 13:30:17
POL000355,PART003,PRD006,2025-11-21,1967-11-21,F,Free State,124200.0,819.72,Lapsed,2026-06-30,policies.csv,2026-09-03 13:30:17
POL000356,PART001,PRD002,2025-09-29,1969-09-29,M,Gauteng,100800.0,624.96,Active,,policies.csv,2026-09-03 13:30:17
POL000357,PART005,PRD010,2026-01-12,1979-01-12,F,North West,220000.0,770.0,Active,,policies.csv,2026-09-03 13:30:17
POL000358,PART002,PRD004,2025-11-23,1967-11-23,F,Gauteng,50000.0,74.5,Active,,policies.csv,2026-09-03 13:30:17
POL000359,PART004,PRD008,2026-02-07,1974-02-07,F,Eastern Cape,25000.0,39.67,Active,,policies.csv,2026-09-03 13:30:17
POL000360,PART004,PRD007,2025-09-25,1978-09-25,F,KwaZulu-Natal,57400.0,281.26,Active,,policies.csv,2026-09-03 13:30:17
POL000361,PART002,PRD003,2025-09-16,1999-09-16,M,KwaZulu-Natal,100000.0,178.0,Active,,policies.csv,2026-09-03 13:30:17
POL000362,PART004,PRD007,2026-03-15,2000-03-15,F,Gauteng,140500.0,688.45,Active,,policies.csv,2026-09-03 13:30:17
POL000363,PART004,PRD007,2026-03-25,2002-03-25,M,Gauteng,129000.0,632.1,Cancelled,2026-06-30,policies.csv,2026-09-03 13:30:17
POL000364,PART002,PRD004,2025-08-21,1987-08-21,F,Western Cape,100000.0,149.0,Lapsed,2026-05-21,policies.csv,2026-09-03 13:30:17
POL000365,PART003,PRD006,2025-09-07,1977-09-07,M,Limpopo,178800.0,1180.08,Active,,policies.csv,2026-09-03 13:30:17
POL000366,PART004,PRD008,2025-12-12,1996-12-12,F,Limpopo,50000.0,79.33,Lapsed,2026-06-12,policies.csv,2026-09-03 13:30:17
POL000367,PART005,PRD010,2025-12-29,1971-12-29,M,Eastern Cape,140700.0,492.45,Active,,policies.csv,2026-09-03 13:30:17
POL000368,PART003,PRD006,2025-12-24,1987-12-24,M,Eastern Cape,98600.0,650.76,Active,,policies.csv,2026-09-03 13:30:17
POL000369,PART004,PRD007,2025-09-03,1975-09-03,M,Eastern Cape,122700.0,601.23,Active,,policies.csv,2026-09-03 13:30:17
POL000370,PART004,PRD007,2025-07-02,1993-07-02,F,Gauteng,52900.0,259.21,Active,,policies.csv,2026-09-03 13:30:17
POL000371,PART002,PRD003,2026-02-01,1975-02-01,F,North West,75000.0,133.5,Active,,policies.csv,2026-09-03 13:30:17
POL000372,PART003,PRD006,2025-09-03,1992-09-03,F,Gauteng,99000.0,653.4,Active,,policies.csv,2026-09-03 13:30:17
POL000373,PART003,PRD005,2026-01-17,1962-01-17,F,Gauteng,52800.0,290.4,Active,,policies.csv,2026-09-03 13:30:17
POL000374,PART005,PRD010,2026-02-28,1997-02-28,M,Western Cape,81100.0,283.85,Lapsed,2026-06-28,policies.csv,2026-09-03 13:30:17
POL000375,PART001,PRD001,2026-01-12,1993-01-12,F,Western Cape,65000.0,312.0,Active,,policies.csv,2026-09-03 13:30:17
POL000376,PART003,PRD005,2025-10-22,1966-10-22,M,North West,73200.0,402.6,Active,,policies.csv,2026-09-03 13:30:17
POL000377,PART004,PRD007,2025-09-25,1978-09-25,M,Western Cape,147100.0,720.79,Lapsed,2025-12-25,policies.csv,2026-09-03 13:30:17
POL000378,PART002,PRD003,2026-04-25,1983-04-25,M,Gauteng,50000.0,89.0,Active,,policies.csv,2026-09-03 13:30:17
POL000379,PART001,PRD002,2026-01-03,2003-01-03,M,Limpopo,96700.0,599.54,Active,,policies.csv,2026-09-03 13:30:17
POL000380,PART002,PRD003,2026-01-15,1969-01-15,M,KwaZulu-Natal,25000.0,44.5,Active,,policies.csv,2026-09-03 13:30:17
POL000381,PART003,PRD006,2025-11-19,1981-11-19,F,Western Cape,58100.0,383.46,Active,,policies.csv,2026-09-03 13:30:17
POL000382,PART005,PRD009,2026-03-10,2003-03-10,F,Western Cape,218200.0,916.44,Active,,policies.csv,2026-09-03 13:30:17
POL000383,PART003,PRD006,2025-12-14,1993-12-14,M,Western Cape,107800.0,711.48,Active,,policies.csv,2026-09-03 13:30:17
POL000384,PART001,PRD001,2026-03-29,1992-03-29,M,Gauteng,71700.0,344.16,Active,,policies.csv,2026-09-03 13:30:17
POL000385,PART001,PRD001,2025-08-29,2003-08-29,M,Mpumalanga,60100.0,288.48,Lapsed,2026-03-28,policies.csv,2026-09-03 13:30:17
POL000386,PART001,PRD002,2025-11-08,2004-11-08,M,Mpumalanga,73500.0,455.7,Active,,policies.csv,2026-09-03 13:30:17
POL000387,PART001,PRD002,2025-08-16,1984-08-16,M,Free State,117600.0,729.12,Active,,policies.csv,2026-09-03 13:30:17
POL000388,PART001,PRD002,2025-11-21,1982-11-21,F,Gauteng,81600.0,505.92,Active,,policies.csv,2026-09-03 13:30:17
POL000389,PART001,PRD002,2025-08-04,1969-08-04,F,Free State,99500.0,616.9,Active,,policies.csv,2026-09-03 13:30:17
POL000390,PART005,PRD009,2025-10-24,1968-10-24,M,Limpopo,275200.0,1155.84,Active,,policies.csv,2026-09-03 13:30:17
POL000391,PART004,PRD008,2026-01-09,1973-01-09,M,Gauteng,25000.0,39.67,Active,,policies.csv,2026-09-03 13:30:17
POL000392,PART001,PRD001,2025-10-06,1996-10-06,F,Western Cape,55800.0,267.84,Active,,policies.csv,2026-09-03 13:30:17
POL000393,PART002,PRD004,2025-12-24,1988-12-24,M,Gauteng,25000.0,37.25,Active,,policies.csv,2026-09-03 13:30:17
POL000394,PART003,PRD005,2026-01-31,1973-01-31,F,KwaZulu-Natal,81300.0,447.15,Lapsed,2026-06-30,policies.csv,2026-09-03 13:30:17
POL000395,PART002,PRD003,2026-02-04,1992-02-04,M,Mpumalanga,25000.0,44.5,Active,,policies.csv,2026-09-03 13:30:17
POL000396,PART001,PRD001,2025-12-03,1982-12-03,M,Western Cape,29600.0,142.08,Active,,policies.csv,2026-09-03 13:30:17
POL000397,PART001,PRD002,2026-03-29,2005-03-29,F,Gauteng,142700.0,884.74,Active,,policies.csv,2026-09-03 13:30:17
POL000398,PART005,PRD009,2026-04-26,1980-04-26,F,Free State,140300.0,589.26,Active,,policies.csv,2026-09-03 13:30:17
POL000399,PART002,PRD004,2025-07-31,1985-07-31,M,Gauteng,25000.0,37.25,Active,,policies.csv,2026-09-03 13:30:17
POL000400,PART003,PRD005,2026-03-08,1967-03-08,F,Eastern Cape,32100.0,176.55,Active,,policies.csv,2026-09-03 13:30:17
POL000401,PART002,PRD003,2025-12-04,1962-12-04,M,Gauteng,50000.0,89.0,Lapsed,2026-06-30,policies.csv,2026-09-03 13:30:17
POL000402,PART001,PRD002,2025-12-29,1987-12-29,F,Gauteng,144100.0,893.42,Active,,policies.csv,2026-09-03 13:30:17
POL000403,PART001,PRD001,2025-09-14,1990-09-14,M,Gauteng,68900.0,330.72,Active,,policies.csv,2026-09-03 13:30:17
POL000404,PART003,PRD005,2026-03-02,1975-03-02,M,Gauteng,74800.0,411.4,Active,,policies.csv,2026-09-03 13:30:17
POL000405,PART001,PRD002,2025-08-27,1997-08-27,M,Eastern Cape,45800.0,283.96,Active,,policies.csv,2026-09-03 13:30:17
POL000406,PART002,PRD003,2025-10-21,1988-10-21,M,Gauteng,75000.0,133.5,Active,,policies.csv,2026-09-03 13:30:17
POL000407,PART004,PRD007,2025-08-28,2004-08-28,M,Gauteng,160200.0,784.98,Active,,policies.csv,2026-09-03 13:30:17
POL000408,PART005,PRD010,2025-10-23,2003-10-23,M,Mpumalanga,142800.0,499.8,Active,,policies.csv,2026-09-03 13:30:17
POL000409,PART004,PRD007,2025-08-26,1966-08-26,M,KwaZulu-Natal,131000.0,641.9,Active,,policies.csv,2026-09-03 13:30:17
POL000410,PART005,PRD009,2025-10-09,1974-10-09,F,Western Cape,185900.0,780.78,Active,,policies.csv,2026-09-03 13:30:17
POL000411,PART003,PRD006,2026-02-01,1999-02-01,F,Western Cape,103200.0,681.12,Lapsed,2026-06-01,policies.csv,2026-09-03 13:30:17
POL000412,PART005,PRD010,2025-08-12,2003-08-12,F,Limpopo,90000.0,315.0,Active,,policies.csv,2026-09-03 13:30:17
POL000413,PART004,PRD007,2026-01-22,1962-01-22,F,Eastern Cape,61900.0,303.31,Active,,policies.csv,2026-09-03 13:30:17
POL000414,PART005,PRD009,2026-01-27,2001-01-27,M,Gauteng,272200.0,1143.24,Active,,policies.csv,2026-09-03 13:30:17
POL000415,PART004,PRD007,2025-10-10,1974-10-10,F,Gauteng,193800.0,949.62,Active,,policies.csv,2026-09-03 13:30:17
POL000416,PART003,PRD006,2026-03-25,1984-03-25,F,Gauteng,157100.0,1036.86,Active,,policies.csv,2026-09-03 13:30:17
POL000417,PART001,PRD002,2025-10-12,2002-10-12,M,Eastern Cape,137900.0,854.98,Active,,policies.csv,2026-09-03 13:30:17
POL000418,PART004,PRD007,2025-12-17,2003-12-17,F,Limpopo,88300.0,432.67,Active,,policies.csv,2026-09-03 13:30:17
POL000419,PART001,PRD001,2025-11-21,1984-11-21,M,North West,62400.0,299.52,Active,,policies.csv,2026-09-03 13:30:17
POL000420,PART004,PRD007,2025-09-05,1981-09-05,M,Western Cape,117300.0,574.77,Active,,policies.csv,2026-09-03 13:30:17
POL000421,PART001,PRD001,2025-08-09,1974-08-09,F,Western Cape,20700.0,99.36,Active,,policies.csv,2026-09-03 13:30:17
POL000422,PART004,PRD008,2025-07-12,1997-07-12,F,Eastern Cape,100000.0,158.67,Active,,policies.csv,2026-09-03 13:30:17
POL000423,PART001,PRD002,2025-08-31,1968-08-31,F,Gauteng,102100.0,633.02,Lapsed,2026-03-28,policies.csv,2026-09-03 13:30:17
POL000424,PART002,PRD004,2026-02-15,1969-02-15,M,North West,50000.0,74.5,Active,,policies.csv,2026-09-03 13:30:17
POL000425,PART004,PRD007,2025-08-25,1963-08-25,F,Gauteng,93600.0,458.64,Active,,policies.csv,2026-09-03 13:30:17
POL000426,PART001,PRD001,2025-12-19,1964-12-19,F,Limpopo,39900.0,191.52,Active,,policies.csv,2026-09-03 13:30:17
POL000427,PART004,PRD007,2025-10-29,1964-10-29,F,Western Cape,129800.0,636.02,Cancelled,2026-02-28,policies.csv,2026-09-03 13:30:17
POL000428,PART005,PRD009,2025-08-13,1972-08-13,M,North West,141000.0,592.2,Active,,policies.csv,2026-09-03 13:30:17
POL000429,PART003,PRD005,2025-11-25,1982-11-25,M,North West,68500.0,376.75,Active,,policies.csv,2026-09-03 13:30:17
POL000430,PART003,PRD006,2025-08-17,1991-08-17,F,KwaZulu-Natal,89900.0,593.34,Active,,policies.csv,2026-09-03 13:30:17
POL000431,PART002,PRD004,2025-07-12,1971-07-12,F,Eastern Cape,50000.0,74.5,Active,,policies.csv,2026-09-03 13:30:17
POL000432,PART003,PRD005,2025-12-30,1972-12-30,F,KwaZulu-Natal,51600.0,283.8,Active,,policies.csv,2026-09-03 13:30:17
POL000433,PART005,PRD010,2025-10-05,1961-10-05,M,KwaZulu-Natal,109600.0,383.6,Active,,policies.csv,2026-09-03 13:30:17
POL000434,PART004,PRD007,2025-07-10,2000-07-10,F,Gauteng,87000.0,426.3,Active,,policies.csv,2026-09-03 13:30:17
POL000435,PART001,PRD001,2025-09-21,1976-09-21,M,KwaZulu-Natal,28500.0,136.8,Active,,policies.csv,2026-09-03 13:30:17
POL000436,PART003,PRD005,2025-10-14,1989-10-14,F,Limpopo,92600.0,509.3,Active,,policies.csv,2026-09-03 13:30:17
POL000437,PART001,PRD002,2025-07-23,1978-07-23,M,Gauteng,56000.0,347.2,Lapsed,2026-04-23,policies.csv,2026-09-03 13:30:17
POL000438,PART001,PRD001,2025-08-24,1985-08-24,F,Eastern Cape,62100.0,298.08,Active,,policies.csv,2026-09-03 13:30:17
POL000439,PART001,PRD001,2026-01-19,1985-01-19,F,Mpumalanga,20100.0,96.48,Active,,policies.csv,2026-09-03 13:30:17
POL000440,PART002,PRD003,2025-09-23,1984-09-23,F,Free State,25000.0,44.5,Active,,policies.csv,2026-09-03 13:30:17
POL000441,PART003,PRD006,2026-01-15,1991-01-15,M,Free State,148200.0,978.12,Cancelled,2026-04-15,policies.csv,2026-09-03 13:30:17
POL000442,PART001,PRD002,2025-10-05,2002-10-05,F,Gauteng,92100.0,571.02,Active,,policies.csv,2026-09-03 13:30:17
POL000443,PART004,PRD007,2025-09-29,2003-09-29,M,KwaZulu-Natal,89200.0,437.08,Active,,policies.csv,2026-09-03 13:30:17
POL000444,PART002,PRD004,2026-03-10,1984-03-10,M,Gauteng,100000.0,149.0,Active,,policies.csv,2026-09-03 13:30:17
POL000445,PART003,PRD006,2026-03-05,1993-03-05,M,KwaZulu-Natal,185000.0,1221.0,Active,,policies.csv,2026-09-03 13:30:17
POL000446,PART002,PRD004,2025-10-09,1970-10-09,M,Free State,25000.0,37.25,Active,,policies.csv,2026-09-03 13:30:17
POL000447,PART004,PRD007,2025-12-30,1983-12-30,F,Gauteng,153500.0,752.15,Active,,policies.csv,2026-09-03 13:30:17
POL000448,PART001,PRD001,2026-03-17,2000-03-17,M,Western Cape,52600.0,252.48,Active,,policies.csv,2026-09-03 13:30:17
POL000449,PART001,PRD001,2025-08-30,2002-08-30,F,Mpumalanga,61900.0,297.12,Cancelled,2026-02-28,policies.csv,2026-09-03 13:30:17
POL000450,PART003,PRD005,2025-07-17,1972-07-17,M,Eastern Cape,65700.0,361.35,Active,,policies.csv,2026-09-03 13:30:17
POL000451,PART001,PRD002,2025-12-28,1966-12-28,F,Western Cape,138800.0,860.56,Lapsed,2026-06-30,policies.csv,2026-09-03 13:30:17
POL000452,PART001,PRD001,2025-12-11,1976-12-11,M,Western Cape,39400.0,189.12,Active,,policies.csv,2026-09-03 13:30:17
POL000453,PART005,PRD009,2025-09-29,1976-09-29,F,KwaZulu-Natal,237100.0,995.82,Active,,policies.csv,2026-09-03 13:30:17
POL000454,PART003,PRD005,2025-08-31,2004-08-31,F,Free State,67100.0,369.05,Active,,policies.csv,2026-09-03 13:30:17
POL000455,PART004,PRD007,2026-03-14,1971-03-14,F,Western Cape,115800.0,567.42,Active,,policies.csv,2026-09-03 13:30:17
POL000456,PART001,PRD001,2026-03-17,1990-03-17,F,Free State,29100.0,139.68,Active,,policies.csv,2026-09-03 13:30:17
POL000457,PART001,PRD002,2025-12-15,1982-12-15,F,Gauteng,63000.0,390.6,Active,,policies.csv,2026-09-03 13:30:17
POL000458,PART002,PRD004,2025-11-09,2002-11-09,F,Limpopo,75000.0,111.75,Lapsed,2026-06-30,policies.csv,2026-09-03 13:30:17
POL000459,PART002,PRD003,2025-11-26,1964-11-26,F,KwaZulu-Natal,100000.0,178.0,Lapsed,2026-06-30,policies.csv,2026-09-03 13:30:17
POL000460,PART003,PRD005,2025-10-13,2002-10-13,F,Gauteng,45100.0,248.05,Active,,policies.csv,2026-09-03 13:30:17
POL000462,PART003,PRD006,2026-03-30,1982-03-30,F,Gauteng,187700.0,1238.82,Active,,policies.csv,2026-09-03 13:30:17
POL000463,PART001,PRD002,2026-01-31,1962-01-31,F,KwaZulu-Natal,140100.0,868.62,Active,,policies.csv,2026-09-03 13:30:17
POL000464,PART003,PRD005,2026-02-10,2004-02-10,F,KwaZulu-Natal,90300.0,496.65,Active,,policies.csv,2026-09-03 13:30:17
POL000465,PART003,PRD005,2025-12-04,1992-12-04,F,KwaZulu-Natal,66200.0,364.1,Active,,policies.csv,2026-09-03 13:30:17
POL000466,PART005,PRD010,2025-07-18,1970-07-18,M,Western Cape,173500.0,607.25,Active,,policies.csv,2026-09-03 13:30:17
POL000467,PART003,PRD005,2026-04-15,1994-04-15,F,North West,44900.0,246.95,Active,,policies.csv,2026-09-03 13:30:17
POL000468,PART002,PRD004,2026-01-15,1967-01-15,M,KwaZulu-Natal,75000.0,111.75,Active,,policies.csv,2026-09-03 13:30:17
POL000469,PART002,PRD003,2026-01-18,1964-01-18,F,Western Cape,50000.0,89.0,Lapsed,2026-04-18,policies.csv,2026-09-03 13:30:17
POL000470,PART005,PRD009,2025-07-05,1990-07-05,F,Western Cape,213200.0,895.44,Active,,policies.csv,2026-09-03 13:30:17
POL000471,PART001,PRD001,2025-07-11,1977-07-11,M,KwaZulu-Natal,52700.0,252.96,Active,,policies.csv,2026-09-03 13:30:17
POL000472,PART004,PRD007,2025-11-09,1987-11-09,F,Eastern Cape,120400.0,589.96,Active,,policies.csv,2026-09-03 13:30:17
POL000473,PART004,PRD007,2025-09-04,1988-09-04,M,Gauteng,88700.0,434.63,Active,,policies.csv,2026-09-03 13:30:17
POL000474,PART001,PRD002,2025-12-20,1965-12-20,F,Western Cape,80300.0,497.86,Lapsed,2026-05-20,policies.csv,2026-09-03 13:30:17
POL000475,PART002,PRD004,2025-12-14,1997-12-14,M,Free State,75000.0,111.75,Active,,policies.csv,2026-09-03 13:30:17
POL000476,PART003,PRD006,2025-07-23,1999-07-23,M,North West,138400.0,913.44,Active,,policies.csv,2026-09-03 13:30:17
POL000477,PART001,PRD001,2025-07-06,2003-07-06,F,Western Cape,50200.0,240.96,Active,,policies.csv,2026-09-03 13:30:17
POL000478,PART001,PRD999,2026-03-11,1985-03-11,F,Mpumalanga,30900.0,148.32,Active,,policies.csv,2026-09-03 13:30:17
POL000479,PART003,PRD005,2026-04-18,1973-04-18,M,Gauteng,47400.0,260.7,Active,,policies.csv,2026-09-03 13:30:17
POL000480,PART001,PRD001,2025-11-29,1998-11-29,M,Mpumalanga,61500.0,295.2,Lapsed,2026-02-28,policies.csv,2026-09-03 13:30:17
POL000481,PART001,PRD002,2026-04-11,1974-04-11,M,North West,135900.0,842.58,Active,,policies.csv,2026-09-03 13:30:17
POL000482,PART002,PRD003,2026-02-26,1988-02-26,F,Limpopo,50000.0,89.0,Active,,policies.csv,2026-09-03 13:30:17
POL000483,PART004,PRD008,2026-03-15,1968-03-15,M,Eastern Cape,75000.0,119.0,Active,,policies.csv,2026-09-03 13:30:17
POL000484,PART005,PRD009,2026-03-23,1983-03-23,M,Gauteng,239400.0,1005.48,Active,,policies.csv,2026-09-03 13:30:17
POL000485,PART004,PRD007,2025-08-17,1978-08-17,M,Gauteng,56700.0,277.83,Active,,policies.csv,2026-09-03 13:30:17
POL000486,PART003,PRD005,2025-09-10,1970-09-10,M,Gauteng,41000.0,225.5,Active,,policies.csv,2026-09-03 13:30:17
POL000488,PART005,PRD010,2025-09-19,1961-09-19,F,Western Cape,91300.0,319.55,Lapsed,2026-06-19,policies.csv,2026-09-03 13:30:17
POL000489,PART001,PRD002,2025-07-02,1968-07-02,F,Gauteng,103900.0,644.18,Active,,policies.csv,2026-09-03 13:30:17
POL000490,PART004,PRD007,2025-07-18,1970-07-18,M,Western Cape,131800.0,645.82,Active,,policies.csv,2026-09-03 13:30:17
POL000491,PART003,PRD005,2025-11-23,1964-11-23,M,Gauteng,40800.0,224.4,Active,,policies.csv,2026-09-03 13:30:17
POL000492,PART005,PRD009,2025-10-26,1974-10-26,M,Eastern Cape,161100.0,676.62,Active,,policies.csv,2026-09-03 13:30:17
POL000493,PART005,PRD010,2026-02-04,2003-02-04,M,Gauteng,172800.0,604.8,Lapsed,2026-04-04,policies.csv,2026-09-03 13:30:17
POL000494,PART003,PRD006,2025-08-11,1992-08-11,M,Mpumalanga,169200.0,1116.72,Active,,policies.csv,2026-09-03 13:30:17
POL000495,PART002,PRD004,2026-02-22,1994-02-22,M,Gauteng,50000.0,74.5,Lapsed,2026-06-30,policies.csv,2026-09-03 13:30:17
POL000496,PART003,PRD005,2025-12-22,2000-12-22,F,Eastern Cape,41900.0,230.45,Active,,policies.csv,2026-09-03 13:30:17
POL000497,PART001,PRD002,2025-12-17,1995-12-17,F,Western Cape,114500.0,709.9,Active,,policies.csv,2026-09-03 13:30:17
POL000498,PART003,PRD006,2025-09-25,1973-09-25,F,Gauteng,134800.0,889.68,Active,,policies.csv,2026-09-03 13:30:17
POL000499,PART005,PRD010,2025-10-16,1979-10-16,F,Gauteng,136100.0,476.35,Active,,policies.csv,2026-09-03 13:30:17
POL000500,PART001,PRD002,2025-10-12,1965-10-12,M,Gauteng,59900.0,371.38,Active,,policies.csv,2026-09-03 13:30:17
POL000501,PART001,PRD002,2026-04-15,1976-04-15,M,Western Cape,61100.0,378.82,Active,,policies.csv,2026-09-03 13:30:17
POL000502,PART002,PRD004,2025-07-02,2002-07-02,M,KwaZulu-Natal,100000.0,149.0,Active,,policies.csv,2026-09-03 13:30:17
POL000503,PART001,PRD002,2025-10-07,1987-10-07,M,KwaZulu-Natal,75200.0,466.24,Lapsed,2026-05-07,policies.csv,2026-09-03 13:30:17
POL000504,PART002,PRD003,2025-08-28,1983-08-28,F,North West,50000.0,89.0,Active,,policies.csv,2026-09-03 13:30:17
POL000505,PART005,PRD010,2026-02-16,2004-02-16,M,KwaZulu-Natal,156700.0,548.45,Active,,policies.csv,2026-09-03 13:30:17
POL000506,PART001,PRD001,2026-01-04,1968-01-04,F,Gauteng,33300.0,159.84,Active,,policies.csv,2026-09-03 13:30:17
POL000507,PART003,PRD005,2025-09-02,1985-09-02,M,Gauteng,60800.0,334.4,Active,,policies.csv,2026-09-03 13:30:17
POL000508,PART003,PRD005,2025-11-07,1997-11-07,M,Eastern Cape,37200.0,204.6,Active,,policies.csv,2026-09-03 13:30:17
POL000509,PART002,PRD004,2025-10-16,2000-10-16,M,Mpumalanga,100000.0,149.0,Lapsed,2025-12-16,policies.csv,2026-09-03 13:30:17
POL000510,PART004,PRD008,2026-02-14,1969-02-14,M,Eastern Cape,75000.0,119.0,Active,,policies.csv,2026-09-03 13:30:17
POL000511,PART003,PRD005,2025-11-23,1983-11-23,F,Free State,50300.0,276.65,Active,,policies.csv,2026-09-03 13:30:17
POL000512,PART001,PRD002,2025-08-28,1989-08-28,F,Gauteng,45300.0,280.86,Active,,policies.csv,2026-09-03 13:30:17
POL000513,PART003,PRD005,2025-12-14,1993-12-14,M,Gauteng,89700.0,493.35,Lapsed,2026-06-14,policies.csv,2026-09-03 13:30:17
POL000514,PART003,PRD005,2026-04-06,2005-04-06,M,Western Cape,63600.0,349.8,Active,,policies.csv,2026-09-03 13:30:17
POL000515,PART004,PRD008,2025-08-16,1967-08-16,F,Eastern Cape,25000.0,39.67,Active,,policies.csv,2026-09-03 13:30:17
POL000516,PART001,PRD002,2025-07-02,1974-07-02,F,KwaZulu-Natal,76200.0,472.44,Active,,policies.csv,2026-09-03 13:30:17
POL000517,PART002,PRD003,2025-08-06,1992-08-06,M,KwaZulu-Natal,100000.0,178.0,Active,,policies.csv,2026-09-03 13:30:17
POL000518,PART003,PRD005,2025-07-22,1988-07-22,M,Mpumalanga,48700.0,267.85,Active,,policies.csv,2026-09-03 13:30:17
POL000519,PART003,PRD005,2026-04-25,1992-04-25,F,Gauteng,54600.0,300.3,Active,,policies.csv,2026-09-03 13:30:17
POL000520,PART004,PRD007,2025-07-14,1962-07-14,F,Gauteng,110000.0,539.0,Active,,policies.csv,2026-09-03 13:30:17
POL000521,PART002,PRD003,2025-10-13,1973-10-13,F,Limpopo,100000.0,178.0,Active,,policies.csv,2026-09-03 13:30:17
POL000522,PART005,PRD010,2025-07-27,1973-07-27,F,Gauteng,213700.0,747.95,Active,,policies.csv,2026-09-03 13:30:17
POL000523,PART001,PRD001,2026-02-24,1962-02-24,F,KwaZulu-Natal,51700.0,248.16,Active,,policies.csv,2026-09-03 13:30:17
POL000524,PART001,PRD002,2026-01-21,1970-01-21,M,Eastern Cape,135400.0,839.48,Active,,policies.csv,2026-09-03 13:30:17
POL000525,PART005,PRD010,2025-09-30,1977-09-30,F,Gauteng,181800.0,636.3,Active,,policies.csv,2026-09-03 13:30:17
POL000526,PART003,PRD006,2026-02-28,1970-02-28,F,Free State,187000.0,1234.2,Lapsed,2026-06-30,policies.csv,2026-09-03 13:30:17
POL000527,PART003,PRD006,2026-01-21,1998-01-21,F,Free State,127500.0,841.5,Lapsed,2026-06-30,policies.csv,2026-09-03 13:30:17
POL000528,PART004,PRD007,2025-07-23,1976-07-23,F,Mpumalanga,131000.0,641.9,Active,,policies.csv,2026-09-03 13:30:17
POL000529,PART001,PRD002,2025-08-17,1978-08-17,F,KwaZulu-Natal,51600.0,319.92,Active,,policies.csv,2026-09-03 13:30:17
POL000530,PART005,PRD009,2026-01-19,1967-01-19,F,Mpumalanga,181300.0,761.46,Active,,policies.csv,2026-09-03 13:30:17
POL000531,PART002,PRD004,2026-04-12,1987-04-12,M,Western Cape,50000.0,74.5,Active,,policies.csv,2026-09-03 13:30:17
POL000532,PART004,PRD008,2026-01-02,1972-01-02,F,Limpopo,100000.0,158.67,Active,,policies.csv,2026-09-03 13:30:17
POL000533,PART004,PRD007,2025-10-05,1968-10-05,M,Gauteng,74200.0,363.58,Active,,policies.csv,2026-09-03 13:30:17
POL000534,PART004,PRD008,2025-11-08,1964-11-08,F,North West,100000.0,158.67,Active,,policies.csv,2026-09-03 13:30:17
POL000535,PART002,PRD004,2025-12-07,1961-12-07,M,Western Cape,75000.0,111.75,Active,,policies.csv,2026-09-03 13:30:17
POL000536,PART003,PRD006,2025-09-22,1972-09-22,F,Limpopo,53600.0,353.76,Active,,policies.csv,2026-09-03 13:30:17
POL000537,PART003,PRD005,2026-02-28,1997-02-28,M,Western Cape,53200.0,292.6,Lapsed,2026-04-28,policies.csv,2026-09-03 13:30:17
POL000538,PART005,PRD010,2025-08-09,1988-08-09,F,Western Cape,95900.0,335.65,Active,,policies.csv,2026-09-03 13:30:17
POL000539,PART001,PRD002,2025-10-01,1994-10-01,M,Eastern Cape,38500.0,238.7,Active,,policies.csv,2026-09-03 13:30:17
POL000540,PART003,PRD006,2025-07-22,1981-07-22,M,Western Cape,105900.0,698.94,Active,,policies.csv,2026-09-03 13:30:17
POL000541,PART005,PRD009,2026-02-14,1969-02-14,M,KwaZulu-Natal,154600.0,649.32,Lapsed,2026-05-14,policies.csv,2026-09-03 13:30:17
POL000542,PART002,PRD003,2025-12-13,1999-12-13,M,Western Cape,25000.0,44.5,Active,,policies.csv,2026-09-03 13:30:17
POL000543,PART003,PRD006,2025-08-22,1987-08-22,F,Gauteng,80500.0,531.3,Lapsed,2026-01-22,policies.csv,2026-09-03 13:30:17
POL000544,PART002,PRD004,2026-03-15,1988-03-15,F,Gauteng,75000.0,111.75,Active,,policies.csv,2026-09-03 13:30:17
POL000545,PART005,PRD010,2026-02-09,2003-02-09,F,Gauteng,192200.0,672.7,Active,,policies.csv,2026-09-03 13:30:17
POL000546,PART005,PRD009,2025-07-01,1982-07-01,M,Gauteng,76500.0,321.3,Active,,policies.csv,2026-09-03 13:30:17
POL000547,PART004,PRD007,2025-12-09,1987-12-09,F,Mpumalanga,145800.0,714.42,Active,,policies.csv,2026-09-03 13:30:17
POL000548,PART001,PRD001,2025-11-23,2005-11-23,F,Gauteng,38800.0,186.24,Active,,policies.csv,2026-09-03 13:30:17
POL000549,PART002,PRD004,2026-03-24,1988-03-24,M,Free State,25000.0,37.25,Active,,policies.csv,2026-09-03 13:30:17
POL000550,PART004,PRD008,2026-01-25,1962-01-25,F,Eastern Cape,25000.0,39.67,Active,,policies.csv,2026-09-03 13:30:17
POL000551,PART001,PRD001,2025-09-09,2002-09-09,F,Eastern Cape,37700.0,180.96,Active,,policies.csv,2026-09-03 13:30:17
POL000552,PART005,PRD010,2026-04-06,1987-04-06,F,Gauteng,70400.0,246.4,Active,,policies.csv,2026-09-03 13:30:17
POL000553,PART001,PRD002,2025-08-20,1979-08-20,M,Western Cape,55300.0,342.86,Active,,policies.csv,2026-09-03 13:30:17
POL000554,PART002,PRD003,2025-08-18,1961-08-18,M,North West,25000.0,44.5,Active,,policies.csv,2026-09-03 13:30:17
POL000555,PART001,PRD002,2025-10-09,1976-10-09,F,Gauteng,112100.0,695.02,Active,,policies.csv,2026-09-03 13:30:17
POL000556,PART004,PRD007,2026-02-04,2001-02-04,M,Gauteng,180800.0,885.92,Active,,policies.csv,2026-09-03 13:30:17
POL000557,PART005,PRD010,2025-07-29,1993-07-29,F,Gauteng,118400.0,414.4,Cancelled,2026-02-28,policies.csv,2026-09-03 13:30:17
POL000558,PART003,PRD006,2025-11-21,1993-11-21,F,KwaZulu-Natal,187200.0,1235.52,Lapsed,2026-06-30,policies.csv,2026-09-03 13:30:17
POL000559,PART002,PRD003,2025-07-26,1968-07-26,F,Western Cape,25000.0,44.5,Cancelled,2026-02-26,policies.csv,2026-09-03 13:30:17
POL000560,PART002,PRD003,2025-11-30,1994-11-30,M,Gauteng,75000.0,133.5,Lapsed,2026-06-28,policies.csv,2026-09-03 13:30:17
POL000561,PART001,PRD002,2025-10-16,1963-10-16,M,Gauteng,104100.0,645.42,Active,,policies.csv,2026-09-03 13:30:17
POL000562,PART003,PRD005,2026-01-04,2002-01-04,M,Gauteng,78000.0,429.0,Active,,policies.csv,2026-09-03 13:30:17
POL000563,PART005,PRD010,2026-02-09,1991-02-09,F,Gauteng,195100.0,682.85,Lapsed,2026-04-09,policies.csv,2026-09-03 13:30:17
POL000564,PART001,PRD001,2026-02-21,1965-02-21,M,KwaZulu-Natal,65800.0,315.84,Active,,policies.csv,2026-09-03 13:30:17
POL000565,PART002,PRD003,2025-08-22,1972-08-22,F,Mpumalanga,100000.0,178.0,Active,,policies.csv,2026-09-03 13:30:17
POL000566,PART004,PRD007,2026-03-13,1987-03-13,M,Limpopo,118700.0,581.63,Active,,policies.csv,2026-09-03 13:30:17
POL000567,PART001,PRD002,2026-02-05,2000-02-05,F,Gauteng,80300.0,497.86,Active,,policies.csv,2026-09-03 13:30:17
POL000568,PART001,PRD001,2025-10-01,2001-10-01,M,Western Cape,43500.0,208.8,Active,,policies.csv,2026-09-03 13:30:17
POL000569,PART003,PRD006,2025-11-26,1966-11-26,M,Gauteng,66900.0,441.54,Active,,policies.csv,2026-09-03 13:30:17
POL000570,PART004,PRD007,2025-08-02,1984-08-02,M,Western Cape,76900.0,376.81,Active,,policies.csv,2026-09-03 13:30:17
POL000571,PART002,PRD004,2026-01-22,1962-01-22,M,KwaZulu-Natal,75000.0,111.75,Active,,policies.csv,2026-09-03 13:30:17
POL000572,PART005,PRD009,2025-07-09,1966-07-09,F,Western Cape,242400.0,1018.08,Active,,policies.csv,2026-09-03 13:30:17
POL000573,PART001,PRD002,2026-03-29,1966-03-29,F,Gauteng,149000.0,923.8,Active,,policies.csv,2026-09-03 13:30:17
POL000574,PART001,PRD002,2026-03-15,1981-03-15,M,KwaZulu-Natal,70100.0,434.62,Cancelled,2026-06-30,policies.csv,2026-09-03 13:30:17
POL000575,PART005,PRD009,2025-10-09,1990-10-09,F,Limpopo,128500.0,539.7,Active,,policies.csv,2026-09-03 13:30:17
POL000576,PART004,PRD008,,1964-04-11,F,Mpumalanga,100000.0,158.67,Active,,policies.csv,2026-09-03 13:30:17
POL000577,PART001,PRD001,2025-08-29,1969-08-29,M,Limpopo,58700.0,281.76,Active,,policies.csv,2026-09-03 13:30:17
POL000578,PART004,PRD008,2025-11-13,1982-11-13,F,KwaZulu-Natal,50000.0,79.33,Active,,policies.csv,2026-09-03 13:30:17
POL000579,PART002,PRD003,2026-02-28,1995-02-28,F,Gauteng,25000.0,44.5,Lapsed,2026-05-28,policies.csv,2026-09-03 13:30:17
POL000580,PART004,PRD007,2025-12-24,1978-12-24,M,Gauteng,53800.0,263.62,Active,,policies.csv,2026-09-03 13:30:17
POL000581,PART001,PRD002,2025-11-03,1997-11-03,M,KwaZulu-Natal,88100.0,546.22,Active,,policies.csv,2026-09-03 13:30:17
POL000582,PART005,PRD009,2026-04-13,1981-04-13,F,Western Cape,78100.0,328.02,Active,,policies.csv,2026-09-03 13:30:17
POL000583,PART005,PRD010,2025-08-29,1975-08-29,M,Free State,225800.0,790.3,Active,,policies.csv,2026-09-03 13:30:17
POL000584,PART001,PRD002,2026-03-15,1990-03-15,M,Eastern Cape,112200.0,695.64,Active,,policies.csv,2026-09-03 13:30:17
POL000585,PART004,PRD007,2026-01-30,1992-01-30,F,Gauteng,187900.0,920.71,Active,,policies.csv,2026-09-03 13:30:17
POL000586,PART001,PRD001,2025-12-23,2002-12-23,M,Western Cape,55400.0,265.92,Active,,policies.csv,2026-09-03 13:30:17
POL000587,PART003,PRD006,2026-01-22,2002-01-22,M,Gauteng,96800.0,638.88,Lapsed,2026-06-30,policies.csv,2026-09-03 13:30:17
POL000588,PART004,PRD008,2025-11-01,2005-11-01,F,Western Cape,50000.0,79.33,Active,,policies.csv,2026-09-03 13:30:17
POL000589,PART002,PRD003,2026-02-26,1985-02-26,M,Eastern Cape,50000.0,89.0,Active,,policies.csv,2026-09-03 13:30:17
POL000590,PART005,PRD010,2026-03-31,1978-03-31,M,KwaZulu-Natal,112700.0,394.45,Active,,policies.csv,2026-09-03 13:30:17
POL000591,PART002,PRD003,2025-09-25,1983-09-25,F,Gauteng,100000.0,178.0,Active,,policies.csv,2026-09-03 13:30:17
POL000592,PART003,PRD006,2025-11-26,1963-11-26,M,Mpumalanga,145400.0,959.64,Active,,policies.csv,2026-09-03 13:30:17
POL000593,PART003,PRD005,2025-08-12,1965-08-12,M,KwaZulu-Natal,82100.0,451.55,Active,,policies.csv,2026-09-03 13:30:17
POL000594,PART003,PRD005,2026-02-16,1990-02-16,F,KwaZulu-Natal,86000.0,473.0,Active,,policies.csv,2026-09-03 13:30:17
POL000595,PART005,PRD010,2025-11-13,1988-11-13,F,Mpumalanga,211900.0,741.65,Active,,policies.csv,2026-09-03 13:30:17
POL000596,PART003,PRD006,2025-12-22,1985-12-22,F,Mpumalanga,115800.0,764.28,Active,,policies.csv,2026-09-03 13:30:17
POL000597,PART001,PRD002,2025-08-27,1972-08-27,F,North West,147500.0,914.5,Cancelled,2025-09-27,policies.csv,2026-09-03 13:30:17
POL000598,PART001,PRD001,2025-08-01,1968-08-01,M,KwaZulu-Natal,46300.0,222.24,Active,,policies.csv,2026-09-03 13:30:17
POL000599,PART001,PRD001,2025-10-20,1993-10-20,M,Gauteng,66900.0,321.12,Active,,policies.csv,2026-09-03 13:30:17
POL000600,PART003,PRD005,2025-09-23,1961-09-23,F,Eastern Cape,48300.0,265.65,Active,,policies.csv,2026-09-03 13:30:17
POL000601,PART005,PRD010,2025-07-26,1987-07-26,M,Western Cape,89800.0,314.3,Lapsed,2025-12-26,policies.csv,2026-09-03 13:30:17
POL000602,PART003,PRD005,2025-09-27,1997-09-27,F,Western Cape,56600.0,311.3,Cancelled,2026-05-27,policies.csv,2026-09-03 13:30:17
POL000603,PART003,PRD006,2026-01-28,1969-01-28,F,Gauteng,129800.0,856.68,Active,,policies.csv,2026-09-03 13:30:17
POL000604,PART001,PRD002,2026-03-09,1995-03-09,F,Limpopo,109700.0,680.14,Active,,policies.csv,2026-09-03 13:30:17
POL000605,PART001,PRD001,2025-08-31,1969-08-31,M,KwaZulu-Natal,19500.0,93.6,Active,,policies.csv,2026-09-03 13:30:17
POL000606,PART005,PRD010,2025-10-26,1994-10-26,F,Gauteng,170800.0,597.8,Active,,policies.csv,2026-09-03 13:30:17
POL000607,PART004,PRD008,2025-11-29,2002-11-29,M,KwaZulu-Natal,75000.0,119.0,Active,,policies.csv,2026-09-03 13:30:17
POL000608,PART001,PRD001,2025-10-26,1977-10-26,F,Western Cape,22400.0,107.52,Active,,policies.csv,2026-09-03 13:30:17
POL000609,PART005,PRD009,2026-02-01,2005-02-01,F,Eastern Cape,190800.0,801.36,Active,,policies.csv,2026-09-03 13:30:17
POL000610,PART002,PRD003,2026-03-12,1982-03-12,M,Mpumalanga,75000.0,133.5,Active,,policies.csv,2026-09-03 13:30:17
POL000611,PART001,PRD001,2026-03-19,1995-03-19,F,Limpopo,72100.0,346.08,Active,,policies.csv,2026-09-03 13:30:17
POL000612,PART004,PRD008,2025-07-18,1966-07-18,F,KwaZulu-Natal,50000.0,79.33,Active,,policies.csv,2026-09-03 13:30:17
POL000613,PART004,PRD008,,1995-01-06,M,Limpopo,75000.0,119.0,Active,,policies.csv,2026-09-03 13:30:17
POL000614,PART004,PRD008,2025-09-25,1976-09-25,F,KwaZulu-Natal,100000.0,158.67,Active,,policies.csv,2026-09-03 13:30:17
POL000615,PART005,PRD010,2026-04-24,1995-04-24,F,Gauteng,96600.0,338.1,Active,,policies.csv,2026-09-03 13:30:17
POL000616,PART003,PRD006,2026-04-15,1965-04-15,F,Limpopo,197400.0,1302.84,Active,,policies.csv,2026-09-03 13:30:17
POL000617,PART001,PRD001,2025-07-18,1969-07-18,M,Mpumalanga,21200.0,101.76,Active,,policies.csv,2026-09-03 13:30:17
POL000618,PART003,PRD005,2025-11-28,1987-11-28,F,Western Cape,63300.0,348.15,Active,,policies.csv,2026-09-03 13:30:17
POL000619,PART004,PRD007,2025-10-26,1996-10-26,F,Eastern Cape,162700.0,797.23,Lapsed,2026-02-26,policies.csv,2026-09-03 13:30:17
POL000620,PART004,PRD007,2026-01-24,1972-01-24,M,Eastern Cape,143900.0,705.11,Cancelled,2026-06-24,policies.csv,2026-09-03 13:30:17
POL000621,PART004,PRD008,2025-12-21,1996-12-21,M,Western Cape,25000.0,39.67,Lapsed,2026-06-30,policies.csv,2026-09-03 13:30:17
POL000622,PART002,PRD003,2025-11-18,1996-11-18,M,KwaZulu-Natal,75000.0,133.5,Active,,policies.csv,2026-09-03 13:30:17
POL000623,PART001,PRD002,2025-09-07,2005-09-07,M,KwaZulu-Natal,77700.0,481.74,Lapsed,2025-11-07,policies.csv,2026-09-03 13:30:17
POL000624,PART005,PRD009,2025-09-05,1992-09-05,M,Gauteng,199500.0,837.9,Active,,policies.csv,2026-09-03 13:30:17
POL000625,PART004,PRD008,2025-07-24,1987-07-24,M,North West,75000.0,119.0,Active,,policies.csv,2026-09-03 13:30:17
POL000626,PART002,PRD003,2025-12-19,1994-12-19,F,KwaZulu-Natal,75000.0,133.5,Lapsed,2026-06-19,policies.csv,2026-09-03 13:30:17
POL000627,PART004,PRD007,2026-04-19,2006-04-19,M,Mpumalanga,144100.0,706.09,Active,,policies.csv,2026-09-03 13:30:17
POL000628,PART003,PRD005,2025-10-17,1964-10-17,F,Gauteng,96300.0,529.65,Active,,policies.csv,2026-09-03 13:30:17
POL000629,PART005,PRD010,2026-01-16,1994-01-16,F,Western Cape,103200.0,361.2,Lapsed,2026-06-30,policies.csv,2026-09-03 13:30:17
POL000630,PART004,PRD008,2025-11-13,1962-11-13,F,Mpumalanga,25000.0,39.67,Active,,policies.csv,2026-09-03 13:30:17
POL000631,PART004,PRD008,2026-04-20,2006-04-20,F,Eastern Cape,50000.0,79.33,Active,,policies.csv,2026-09-03 13:30:17
POL000632,PART004,PRD008,2026-04-09,1984-04-09,M,Western Cape,50000.0,79.33,Active,,policies.csv,2026-09-03 13:30:17
POL000633,PART002,PRD004,2026-01-19,1994-01-19,F,KwaZulu-Natal,75000.0,111.75,Active,,policies.csv,2026-09-03 13:30:17
POL000634,PART003,PRD005,2025-10-01,1982-10-01,M,Limpopo,53600.0,294.8,Active,,policies.csv,2026-09-03 13:30:17
POL000635,PART002,PRD004,2025-09-06,1971-09-06,M,Western Cape,100000.0,149.0,Active,,policies.csv,2026-09-03 13:30:17
POL000636,PART002,PRD003,2026-04-05,1974-04-05,F,KwaZulu-Natal,50000.0,89.0,Active,,policies.csv,2026-09-03 13:30:17
POL000637,PART001,PRD002,2025-09-15,1997-09-15,F,KwaZulu-Natal,67100.0,416.02,Lapsed,2026-06-15,policies.csv,2026-09-03 13:30:17
POL000638,PART005,PRD010,2025-07-08,1987-07-08,M,North West,234600.0,821.1,Active,,policies.csv,2026-09-03 13:30:17
POL000639,PART002,PRD004,2025-07-19,1980-07-19,F,Free State,100000.0,149.0,Active,,policies.csv,2026-09-03 13:30:17
POL000640,PART004,PRD007,2026-02-09,1999-02-09,M,Western Cape,129000.0,632.1,Lapsed,2026-06-30,policies.csv,2026-09-03 13:30:17
POL000641,PART002,PRD003,2025-10-30,1981-10-30,F,Gauteng,50000.0,89.0,Active,,policies.csv,2026-09-03 13:30:17
POL000642,PART001,PRD002,2025-08-24,1966-08-24,F,North West,58100.0,360.22,Active,,policies.csv,2026-09-03 13:30:17
POL000643,PART005,PRD009,2025-07-29,1993-07-29,M,KwaZulu-Natal,221000.0,928.2,Active,,policies.csv,2026-09-03 13:30:17
POL000644,PART002,PRD003,2026-03-27,1997-03-27,F,Western Cape,25000.0,44.5,Active,,policies.csv,2026-09-03 13:30:17
POL000645,PART004,PRD007,2025-10-15,1981-10-15,F,KwaZulu-Natal,153800.0,753.62,Active,,policies.csv,2026-09-03 13:30:17
POL000646,PART005,PRD010,2025-07-11,2005-07-11,M,Gauteng,196800.0,688.8,Active,,policies.csv,2026-09-03 13:30:17
POL000647,PART003,PRD006,2025-11-17,1968-11-17,F,North West,150400.0,992.64,Cancelled,2026-02-17,policies.csv,2026-09-03 13:30:17
POL000648,PART004,PRD008,2025-10-12,1979-10-12,M,Gauteng,50000.0,79.33,Active,,policies.csv,2026-09-03 13:30:17
POL000649,PART001,PRD002,2025-12-19,1977-12-19,M,Western Cape,44400.0,275.28,Active,,policies.csv,2026-09-03 13:30:17
POL000650,PART005,PRD010,,1988-01-03,F,Gauteng,67200.0,235.2,Active,,policies.csv,2026-09-03 13:30:17
POL000651,PART004,PRD007,2025-08-06,1962-08-06,F,North West,50200.0,245.98,Lapsed,2026-04-06,policies.csv,2026-09-03 13:30:17
POL000652,PART004,PRD007,2025-10-23,1965-10-23,M,Western Cape,144100.0,706.09,Active,,policies.csv,2026-09-03 13:30:17
POL000653,PART003,PRD006,2025-09-05,1968-09-05,F,KwaZulu-Natal,132700.0,875.82,Active,,policies.csv,2026-09-03 13:30:17
POL000654,PART003,PRD005,2026-01-16,2000-01-16,F,Eastern Cape,71900.0,395.45,Active,,policies.csv,2026-09-03 13:30:17
POL000655,PART001,PRD002,2025-11-05,1980-11-05,M,Gauteng,117400.0,727.88,Lapsed,2026-06-30,policies.csv,2026-09-03 13:30:17
POL000656,PART004,PRD008,2025-11-27,1977-11-27,M,Western Cape,75000.0,119.0,Active,,policies.csv,2026-09-03 13:30:17
POL000657,PART001,PRD001,2026-01-05,1996-01-05,M,Eastern Cape,31500.0,151.2,Lapsed,2026-03-05,policies.csv,2026-09-03 13:30:17
POL000658,PART004,PRD007,2026-02-01,1997-02-01,F,Gauteng,165900.0,812.91,Active,,policies.csv,2026-09-03 13:30:17
POL000659,PART002,PRD003,2025-08-12,1990-08-12,F,Mpumalanga,25000.0,44.5,Active,,policies.csv,2026-09-03 13:30:17
POL000660,PART004,PRD007,2025-08-16,2002-08-16,M,Gauteng,68200.0,334.18,Active,,policies.csv,2026-09-03 13:30:17
POL000661,PART001,PRD001,2026-03-25,1995-03-25,M,Gauteng,40900.0,196.32,Active,,policies.csv,2026-09-03 13:30:17
POL000662,PART004,PRD007,2025-09-16,1988-09-16,F,KwaZulu-Natal,170600.0,835.94,Active,,policies.csv,2026-09-03 13:30:17
POL000663,PART005,PRD010,2026-01-09,1995-01-09,M,Western Cape,136200.0,476.7,Active,,policies.csv,2026-09-03 13:30:17
POL000664,PART003,PRD005,2025-11-25,1982-11-25,M,Gauteng,62900.0,345.95,Active,,policies.csv,2026-09-03 13:30:17
POL000665,PART004,PRD008,2025-12-09,2003-12-09,F,Gauteng,50000.0,79.33,Active,,policies.csv,2026-09-03 13:30:17
POL000666,PART005,PRD010,2025-07-13,1963-07-13,M,Gauteng,142600.0,499.1,Active,,policies.csv,2026-09-03 13:30:17
POL000667,PART004,PRD007,2025-08-24,2004-08-24,F,Free State,96500.0,472.85,Active,,policies.csv,2026-09-03 13:30:17
POL000668,PART001,PRD001,2025-11-02,2000-11-02,F,Gauteng,58900.0,282.72,Active,,policies.csv,2026-09-03 13:30:17
POL000669,PART004,PRD007,2025-10-01,2005-10-01,M,Western Cape,179300.0,878.57,Lapsed,2026-04-01,policies.csv,2026-09-03 13:30:17
POL000670,PART004,PRD008,2026-02-20,1997-02-20,F,Western Cape,50000.0,79.33,Active,,policies.csv,2026-09-03 13:30:17
POL000671,PART001,PRD002,2025-07-24,1975-07-24,F,Gauteng,149900.0,929.38,Active,,policies.csv,2026-09-03 13:30:17
POL000672,PART003,PRD005,2025-12-20,1968-12-20,F,Limpopo,83600.0,459.8,Active,,policies.csv,2026-09-03 13:30:17
POL000673,PART004,PRD008,2025-10-27,1993-10-27,F,North West,25000.0,39.67,Active,,policies.csv,2026-09-03 13:30:17
POL000674,PART002,PRD003,2025-07-27,2001-07-27,F,KwaZulu-Natal,50000.0,89.0,Active,,policies.csv,2026-09-03 13:30:17
POL000675,PART002,PRD999,2026-03-16,1963-03-16,F,North West,25000.0,37.25,Active,,policies.csv,2026-09-03 13:30:17
POL000676,PART001,PRD002,2026-03-17,1986-03-17,F,Free State,92300.0,572.26,Active,,policies.csv,2026-09-03 13:30:17
POL000677,PART001,PRD001,2025-07-06,1961-07-06,F,KwaZulu-Natal,24600.0,118.08,Lapsed,2025-11-06,policies.csv,2026-09-03 13:30:17
POL000678,PART002,PRD004,2025-10-08,2000-10-08,F,Gauteng,100000.0,149.0,Active,,policies.csv,2026-09-03 13:30:17
POL000679,PART002,PRD003,2025-12-19,1999-12-19,M,KwaZulu-Natal,25000.0,44.5,Active,,policies.csv,2026-09-03 13:30:17
POL000680,PART004,PRD008,2026-01-29,1972-01-29,M,Western Cape,25000.0,39.67,Active,,policies.csv,2026-09-03 13:30:17
POL000681,PART001,PRD002,2025-09-18,1979-09-18,M,Western Cape,94000.0,582.8,Cancelled,2026-02-18,policies.csv,2026-09-03 13:30:17
POL000682,PART001,PRD002,2025-11-28,1963-11-28,F,Gauteng,44300.0,274.66,Active,,policies.csv,2026-09-03 13:30:17
POL000683,PART003,PRD005,2026-03-20,1998-03-20,M,Gauteng,37200.0,204.6,Cancelled,2026-06-30,policies.csv,2026-09-03 13:30:17
POL000684,PART005,PRD010,2026-02-11,1980-02-11,M,Gauteng,175300.0,613.55,Cancelled,2026-06-30,policies.csv,2026-09-03 13:30:17
POL000685,PART005,PRD009,2025-12-02,1963-12-02,M,Western Cape,278000.0,1167.6,Active,,policies.csv,2026-09-03 13:30:17
POL000686,PART004,PRD008,2026-02-27,1974-02-27,M,Gauteng,50000.0,79.33,Cancelled,2026-06-30,policies.csv,2026-09-03 13:30:17
POL000687,PART003,PRD006,2026-03-24,1980-03-24,M,Gauteng,90500.0,597.3,Cancelled,2026-06-30,policies.csv,2026-09-03 13:30:17
POL000688,PART004,PRD008,2025-12-18,1969-12-18,F,North West,75000.0,119.0,Active,,policies.csv,2026-09-03 13:30:17
POL000689,PART002,PRD003,2026-01-04,1983-01-04,M,Free State,100000.0,178.0,Active,,policies.csv,2026-09-03 13:30:17
POL000690,PART005,PRD009,2026-03-26,1991-03-26,F,Western Cape,109000.0,457.8,Active,,policies.csv,2026-09-03 13:30:17
POL000691,PART004,PRD007,2026-04-06,1998-04-06,F,Limpopo,62100.0,304.29,Active,,policies.csv,2026-09-03 13:30:17
POL000692,PART002,PRD004,2026-01-12,1976-01-12,M,Gauteng,25000.0,37.25,Active,,policies.csv,2026-09-03 13:30:17
POL000693,PART001,PRD001,2025-07-17,2005-07-17,M,KwaZulu-Natal,54600.0,262.08,Active,,policies.csv,2026-09-03 13:30:17
POL000694,PART002,PRD004,2025-10-30,1976-10-30,M,Mpumalanga,50000.0,74.5,Active,,policies.csv,2026-09-03 13:30:17
POL000695,PART001,PRD001,2025-08-22,1970-08-22,M,Western Cape,34000.0,163.2,Active,,policies.csv,2026-09-03 13:30:17
POL000696,PART001,PRD002,2025-12-08,1974-12-08,F,KwaZulu-Natal,107400.0,665.88,Active,,policies.csv,2026-09-03 13:30:17
POL000697,PART002,PRD004,2025-09-27,1962-09-27,F,Gauteng,100000.0,149.0,Active,,policies.csv,2026-09-03 13:30:17
POL000698,PART005,PRD010,2025-08-11,2001-08-11,F,Gauteng,240000.0,840.0,Active,,policies.csv,2026-09-03 13:30:17
POL000699,PART002,PRD003,2026-03-27,1969-03-27,F,Gauteng,75000.0,133.5,Cancelled,2026-06-30,policies.csv,2026-09-03 13:30:17
POL000700,PART004,PRD007,2025-12-25,1994-12-25,M,Gauteng,56700.0,277.83,Lapsed,2026-06-30,policies.csv,2026-09-03 13:30:17
POL000701,PART002,PRD003,2025-11-10,1971-11-10,M,Gauteng,75000.0,133.5,Active,,policies.csv,2026-09-03 13:30:17
POL000702,PART004,PRD007,2025-10-04,2005-10-04,M,Limpopo,96300.0,471.87,Active,,policies.csv,2026-09-03 13:30:17
POL000703,PART001,PRD002,2026-03-09,1972-03-09,M,Gauteng,124000.0,768.8,Active,,policies.csv,2026-09-03 13:30:17
POL000704,PART003,PRD005,2025-10-27,1975-10-27,F,Western Cape,47700.0,262.35,Active,,policies.csv,2026-09-03 13:30:17
POL000705,PART002,PRD004,2025-09-10,1966-09-10,M,Eastern Cape,75000.0,111.75,Active,,policies.csv,2026-09-03 13:30:17
POL000706,PART001,PRD002,2025-09-21,1966-09-21,M,Gauteng,144000.0,892.8,Active,,policies.csv,2026-09-03 13:30:17
POL000707,PART002,PRD004,2026-04-11,1987-04-11,M,Limpopo,25000.0,37.25,Active,,policies.csv,2026-09-03 13:30:17
POL000708,PART001,PRD002,2025-10-14,1986-10-14,M,Limpopo,73400.0,455.08,Active,,policies.csv,2026-09-03 13:30:17
POL000709,PART001,PRD002,2025-12-16,1999-12-16,M,North West,109900.0,681.38,Active,,policies.csv,2026-09-03 13:30:17
POL000710,PART004,PRD008,2025-09-14,1992-09-14,M,Western Cape,50000.0,79.33,Active,,policies.csv,2026-09-03 13:30:17
POL000711,PART003,PRD006,2026-04-23,2006-04-23,F,Western Cape,80100.0,528.66,Active,,policies.csv,2026-09-03 13:30:17
POL000712,PART004,PRD008,2026-04-19,1968-04-19,M,Gauteng,50000.0,79.33,Active,,policies.csv,2026-09-03 13:30:17
POL000713,PART003,PRD006,2026-04-07,1976-04-07,F,Free State,149400.0,986.04,Active,,policies.csv,2026-09-03 13:30:17
POL000714,PART004,PRD007,2025-11-25,2004-11-25,F,Gauteng,99700.0,488.53,Active,,policies.csv,2026-09-03 13:30:17
POL000715,PART005,PRD010,2025-08-25,1963-08-25,M,KwaZulu-Natal,108800.0,380.8,Active,,policies.csv,2026-09-03 13:30:17
POL000716,PART004,PRD007,2025-11-29,1972-11-29,M,Gauteng,138100.0,676.69,Lapsed,2026-03-28,policies.csv,2026-09-03 13:30:17
POL000717,PART001,PRD001,2025-10-06,1997-10-06,F,North West,32400.0,155.52,Active,,policies.csv,2026-09-03 13:30:17
POL000718,PART004,PRD008,2026-01-28,2006-01-28,M,Free State,75000.0,119.0,Lapsed,2026-06-30,policies.csv,2026-09-03 13:30:17
POL000719,PART003,PRD006,2025-11-14,1989-11-14,M,Gauteng,124900.0,824.34,Active,,policies.csv,2026-09-03 13:30:17
POL000720,PART003,PRD006,2025-11-30,1981-11-30,M,Gauteng,176300.0,1163.58,Active,,policies.csv,2026-09-03 13:30:17
POL000721,PART002,PRD003,2025-07-23,1988-07-23,M,Gauteng,100000.0,178.0,Active,,policies.csv,2026-09-03 13:30:17
POL000722,PART003,PRD005,2026-02-24,1990-02-24,M,KwaZulu-Natal,68000.0,374.0,Active,,policies.csv,2026-09-03 13:30:17
POL000723,PART005,PRD010,2026-04-08,1969-04-08,M,Gauteng,140900.0,493.15,Active,,policies.csv,2026-09-03 13:30:17
POL000724,PART004,PRD007,2026-04-13,1962-04-13,M,Western Cape,125000.0,612.5,Active,,policies.csv,2026-09-03 13:30:17
POL000725,PART004,PRD008,2025-12-17,1989-12-17,M,Eastern Cape,75000.0,119.0,Active,,policies.csv,2026-09-03 13:30:17
POL000726,PART001,PRD002,2025-10-13,2002-10-13,M,Gauteng,58700.0,363.94,Lapsed,2026-06-30,policies.csv,2026-09-03 13:30:17
POL000727,PART005,PRD009,2025-11-15,1983-11-15,F,KwaZulu-Natal,286700.0,1204.14,Active,,policies.csv,2026-09-03 13:30:17
POL000728,PART002,PRD004,2026-02-10,2003-02-10,M,Gauteng,50000.0,74.5,Lapsed,2026-06-30,policies.csv,2026-09-03 13:30:17
POL000729,PART004,PRD007,2025-12-10,1971-12-10,M,Gauteng,101500.0,497.35,Active,,policies.csv,2026-09-03 13:30:17
POL000730,PART003,PRD005,2025-08-02,2003-08-02,M,Gauteng,60200.0,331.1,Active,,policies.csv,2026-09-03 13:30:17
POL000731,PART003,PRD006,2026-04-16,1988-04-16,F,Gauteng,181200.0,1195.92,Active,,policies.csv,2026-09-03 13:30:17
POL000732,PART002,PRD003,2026-04-26,1981-04-26,M,Western Cape,50000.0,89.0,Active,,policies.csv,2026-09-03 13:30:17
POL000733,PART002,PRD004,2025-11-14,2005-11-14,F,Free State,50000.0,74.5,Active,,policies.csv,2026-09-03 13:30:17
POL000734,PART004,PRD008,2025-09-16,1999-09-16,F,North West,50000.0,79.33,Active,,policies.csv,2026-09-03 13:30:17
POL000735,PART001,PRD001,2025-08-15,1989-08-15,F,Free State,33700.0,161.76,Cancelled,2025-11-15,policies.csv,2026-09-03 13:30:17
POL000736,PART004,PRD007,2026-02-20,2001-02-20,F,Limpopo,138000.0,676.2,Active,,policies.csv,2026-09-03 13:30:17
POL000737,PART005,PRD009,2025-12-10,2003-12-10,F,Gauteng,197500.0,829.5,Lapsed,2026-02-10,policies.csv,2026-09-03 13:30:17
POL000738,PART005,PRD010,2025-12-04,1995-12-04,M,Western Cape,99700.0,348.95,Active,,policies.csv,2026-09-03 13:30:17
POL000739,PART004,PRD007,2026-02-28,1984-02-28,F,Limpopo,108100.0,529.69,Active,,policies.csv,2026-09-03 13:30:17
POL000740,PART001,PRD002,2025-12-21,1980-12-21,M,Gauteng,106200.0,658.44,Active,,policies.csv,2026-09-03 13:30:17
POL000741,PART004,PRD008,2025-11-22,1973-11-22,F,Gauteng,75000.0,119.0,Active,,policies.csv,2026-09-03 13:30:17
POL000742,PART004,PRD007,2026-03-02,2002-03-02,M,KwaZulu-Natal,150900.0,739.41,Active,,policies.csv,2026-09-03 13:30:17
POL000743,PART004,PRD008,2026-04-25,1983-04-25,M,Western Cape,50000.0,79.33,Active,,policies.csv,2026-09-03 13:30:17
POL000744,PART002,PRD003,2025-10-14,1983-10-14,F,KwaZulu-Natal,100000.0,178.0,Active,,policies.csv,2026-09-03 13:30:17
POL000745,PART004,PRD007,2025-07-24,1999-07-24,F,KwaZulu-Natal,70900.0,347.41,Active,,policies.csv,2026-09-03 13:30:17
POL000746,PART004,PRD008,2026-04-17,2006-04-17,F,Western Cape,75000.0,119.0,Active,,policies.csv,2026-09-03 13:30:17
POL000747,PART003,PRD005,2026-04-10,1974-04-10,M,Gauteng,80300.0,441.65,Active,,policies.csv,2026-09-03 13:30:17
POL000748,PART002,PRD004,2026-04-11,1971-04-11,F,KwaZulu-Natal,25000.0,37.25,Active,,policies.csv,2026-09-03 13:30:17
POL000749,PART004,PRD008,2026-02-15,1984-02-15,F,Western Cape,50000.0,79.33,Active,,policies.csv,2026-09-03 13:30:17
POL000750,PART001,PRD002,2025-07-31,1980-07-31,F,Gauteng,139100.0,862.42,Active,,policies.csv,2026-09-03 13:30:17
POL000751,PART003,PRD006,2026-04-15,2002-04-15,M,Gauteng,116100.0,766.26,Active,,policies.csv,2026-09-03 13:30:17
POL000752,PART003,PRD006,2025-12-09,1995-12-09,M,Gauteng,79500.0,524.7,Active,,policies.csv,2026-09-03 13:30:17
POL000753,PART005,PRD009,2025-11-24,1962-11-24,M,Gauteng,138500.0,581.7,Cancelled,2025-12-24,policies.csv,2026-09-03 13:30:17
POL000754,PART005,PRD009,2025-09-09,1971-09-09,F,Gauteng,162600.0,682.92,Active,,policies.csv,2026-09-03 13:30:17
POL000755,PART001,PRD002,2025-11-06,1968-11-06,F,KwaZulu-Natal,75400.0,467.48,Active,,policies.csv,2026-09-03 13:30:17
POL000756,PART005,PRD010,2025-07-28,1988-07-28,M,Gauteng,179100.0,626.85,Active,,policies.csv,2026-09-03 13:30:17
POL000757,PART001,PRD002,2026-01-17,1965-01-17,F,Gauteng,94700.0,587.14,Active,,policies.csv,2026-09-03 13:30:17
POL000758,PART004,PRD007,2026-01-21,2004-01-21,F,KwaZulu-Natal,106400.0,521.36,Active,,policies.csv,2026-09-03 13:30:17
POL000759,PART002,PRD003,2026-02-22,1977-02-22,F,Mpumalanga,100000.0,178.0,Active,,policies.csv,2026-09-03 13:30:17
POL000760,PART002,PRD004,2026-04-02,1987-04-02,F,Gauteng,50000.0,74.5,Active,,policies.csv,2026-09-03 13:30:17
POL000761,PART003,PRD005,2025-11-22,1962-11-22,F,Free State,89100.0,490.05,Active,,policies.csv,2026-09-03 13:30:17
POL000762,PART001,PRD001,2025-07-19,2005-07-19,F,Gauteng,68400.0,328.32,Active,,policies.csv,2026-09-03 13:30:17
POL000763,PART002,PRD003,2026-04-20,1998-04-20,M,Eastern Cape,25000.0,44.5,Active,,policies.csv,2026-09-03 13:30:17
POL000764,PART002,PRD003,2025-08-28,1977-08-28,M,Gauteng,75000.0,133.5,Active,,policies.csv,2026-09-03 13:30:17
POL000765,PART005,PRD010,2026-03-26,1969-03-26,M,KwaZulu-Natal,120200.0,420.7,Active,,policies.csv,2026-09-03 13:30:17
POL000766,PART002,PRD004,2026-03-06,2003-03-06,F,KwaZulu-Natal,25000.0,37.25,Active,,policies.csv,2026-09-03 13:30:17
POL000767,PART004,PRD007,2025-10-31,1988-10-31,F,KwaZulu-Natal,105500.0,516.95,Active,,policies.csv,2026-09-03 13:30:17
POL000768,PART001,PRD002,2025-09-28,1992-09-28,F,Eastern Cape,140300.0,869.86,Active,,policies.csv,2026-09-03 13:30:17
POL000769,PART004,PRD008,2025-12-26,1974-12-26,M,North West,50000.0,79.33,Active,,policies.csv,2026-09-03 13:30:17
POL000770,PART001,PRD002,2025-11-03,1974-11-03,M,Gauteng,109400.0,678.28,Cancelled,2026-03-03,policies.csv,2026-09-03 13:30:17
POL000771,PART004,PRD007,2025-07-08,2001-07-08,F,KwaZulu-Natal,103000.0,504.7,Cancelled,2026-01-08,policies.csv,2026-09-03 13:30:17
POL000772,PART001,PRD002,2025-11-14,1980-11-14,F,KwaZulu-Natal,149400.0,926.28,Active,,policies.csv,2026-09-03 13:30:17
POL000773,PART002,PRD004,2026-04-05,1965-04-05,M,Western Cape,50000.0,74.5,Active,,policies.csv,2026-09-03 13:30:17
POL000774,PART005,PRD009,2025-12-11,1961-12-11,M,Western Cape,191100.0,802.62,Active,,policies.csv,2026-09-03 13:30:17
POL000775,PART001,PRD001,2025-12-15,1986-12-15,M,Limpopo,38100.0,182.88,Lapsed,2026-04-15,policies.csv,2026-09-03 13:30:17
POL000776,PART001,PRD002,2025-11-06,1985-11-06,F,KwaZulu-Natal,117700.0,729.74,Active,,policies.csv,2026-09-03 13:30:17
POL000777,PART001,PRD002,2026-04-04,2002-04-04,M,Gauteng,63200.0,391.84,Active,,policies.csv,2026-09-03 13:30:17
POL000778,PART005,PRD009,2025-07-16,1962-07-16,F,Gauteng,211100.0,886.62,Active,,policies.csv,2026-09-03 13:30:17
POL000779,PART001,PRD002,2026-04-08,1962-04-08,F,Free State,53100.0,329.22,Active,,policies.csv,2026-09-03 13:30:17
POL000780,PART003,PRD006,2026-03-23,1999-03-23,F,Limpopo,179100.0,1182.06,Active,,policies.csv,2026-09-03 13:30:17
POL000781,PART001,PRD002,2026-04-10,1993-04-10,M,KwaZulu-Natal,65400.0,405.48,Active,,policies.csv,2026-09-03 13:30:17
POL000782,PART002,PRD003,2025-09-01,1979-09-01,F,Limpopo,100000.0,178.0,Active,,policies.csv,2026-09-03 13:30:17
POL000783,PART005,PRD010,2025-09-12,1995-09-12,F,Gauteng,111600.0,390.6,Active,,policies.csv,2026-09-03 13:30:17
POL000784,PART001,PRD001,2025-10-31,1991-10-31,F,KwaZulu-Natal,28300.0,135.84,Active,,policies.csv,2026-09-03 13:30:17
POL000785,PART001,PRD002,2026-02-08,1989-02-08,F,Gauteng,71100.0,440.82,Active,,policies.csv,2026-09-03 13:30:17
POL000786,PART003,PRD005,2025-07-19,1991-07-19,F,Gauteng,58000.0,319.0,Active,,policies.csv,2026-09-03 13:30:17
POL000787,PART001,PRD001,2025-09-19,1980-09-19,F,North West,34500.0,165.6,Active,,policies.csv,2026-09-03 13:30:17
POL000788,PART005,PRD010,2025-07-05,1977-07-05,M,Western Cape,69800.0,244.3,Active,,policies.csv,2026-09-03 13:30:17
POL000789,PART002,PRD004,2026-03-09,1982-03-09,F,North West,25000.0,37.25,Active,,policies.csv,2026-09-03 13:30:17
POL000790,PART001,PRD002,2025-12-13,1972-12-13,F,Gauteng,123600.0,766.32,Active,,policies.csv,2026-09-03 13:30:17
POL000791,PART001,PRD002,2025-10-27,2004-10-27,F,KwaZulu-Natal,66700.0,413.54,Active,,policies.csv,2026-09-03 13:30:17
POL000792,PART001,PRD001,2025-07-12,1996-07-12,M,Western Cape,50900.0,244.32,Lapsed,2025-12-12,policies.csv,2026-09-03 13:30:17
POL000793,PART002,PRD003,2025-07-05,2003-07-05,F,Free State,50000.0,89.0,Active,,policies.csv,2026-09-03 13:30:17
POL000794,PART004,PRD007,2025-11-19,1989-11-19,M,Gauteng,185900.0,910.91,Active,,policies.csv,2026-09-03 13:30:17
POL000795,PART003,PRD005,2026-03-29,1985-03-29,F,Western Cape,80600.0,443.3,Cancelled,2026-06-30,policies.csv,2026-09-03 13:30:17
POL000796,PART002,PRD004,2026-03-11,2003-03-11,M,Limpopo,50000.0,74.5,Active,,policies.csv,2026-09-03 13:30:17
POL000797,PART004,PRD007,2026-03-30,2000-03-30,M,North West,174600.0,855.54,Active,,policies.csv,2026-09-03 13:30:17
POL000798,PART004,PRD007,2025-10-23,1997-10-23,F,Limpopo,67100.0,328.79,Active,,policies.csv,2026-09-03 13:30:17
POL000799,PART004,PRD007,2025-07-05,2005-07-05,F,Gauteng,155100.0,759.99,Active,,policies.csv,2026-09-03 13:30:17
POL000800,PART002,PRD003,2025-12-29,1977-12-29,M,Gauteng,50000.0,89.0,Active,,policies.csv,2026-09-03 13:30:17
POL000801,PART004,PRD008,2025-10-12,1993-10-12,M,Gauteng,75000.0,119.0,Active,,policies.csv,2026-09-03 13:30:17
POL000802,PART001,PRD001,2026-02-14,1992-02-14,F,KwaZulu-Natal,57400.0,275.52,Active,,policies.csv,2026-09-03 13:30:17
POL000803,PART005,PRD009,2026-03-15,2001-03-15,F,Gauteng,96500.0,405.3,Active,,policies.csv,2026-09-03 13:30:17
POL000804,PART003,PRD005,2025-07-31,1984-07-31,M,Limpopo,83700.0,460.35,Active,,policies.csv,2026-09-03 13:30:17
POL000805,PART003,PRD006,2025-09-28,1983-09-28,M,Eastern Cape,198100.0,1307.46,Active,,policies.csv,2026-09-03 13:30:17
POL000806,PART001,PRD002,2025-12-04,1991-12-04,M,Gauteng,37900.0,234.98,Active,,policies.csv,2026-09-03 13:30:17
POL000807,PART002,PRD003,2025-12-30,1998-12-30,M,Western Cape,75000.0,133.5,Cancelled,2026-04-28,policies.csv,2026-09-03 13:30:17
POL000808,PART003,PRD005,2025-11-28,1979-11-28,F,Western Cape,85200.0,468.6,Active,,policies.csv,2026-09-03 13:30:17
POL000809,PART003,PRD005,2025-12-27,1966-12-27,M,Gauteng,30700.0,168.85,Active,,policies.csv,2026-09-03 13:30:17
POL000810,PART004,PRD007,2025-08-04,1968-08-04,M,Gauteng,139500.0,683.55,Active,,policies.csv,2026-09-03 13:30:17
POL000811,PART004,PRD007,2025-10-02,1965-10-02,F,Gauteng,173000.0,847.7,Active,,policies.csv,2026-09-03 13:30:17
POL000812,PART002,PRD003,2025-08-29,1973-08-29,M,Gauteng,75000.0,133.5,Active,,policies.csv,2026-09-03 13:30:17
POL000813,PART002,PRD004,2025-08-28,1973-08-28,F,Mpumalanga,75000.0,111.75,Lapsed,2026-02-28,policies.csv,2026-09-03 13:30:17
POL000814,PART002,PRD004,2025-07-14,1981-07-14,M,Gauteng,25000.0,37.25,Active,,policies.csv,2026-09-03 13:30:17
POL000815,PART004,PRD007,2025-11-12,1988-11-12,F,KwaZulu-Natal,172500.0,845.25,Active,,policies.csv,2026-09-03 13:30:17
POL000816,PART005,PRD009,2025-08-29,1967-08-29,F,Gauteng,235500.0,989.1,Lapsed,2026-01-28,policies.csv,2026-09-03 13:30:17
POL000817,PART002,PRD004,2025-07-05,1990-07-05,F,Gauteng,75000.0,111.75,Active,,policies.csv,2026-09-03 13:30:17
POL000818,PART001,PRD001,2026-02-23,1969-02-23,F,Eastern Cape,51300.0,246.24,Active,,policies.csv,2026-09-03 13:30:17
POL000819,PART005,PRD009,2025-11-15,1983-11-15,F,Gauteng,102800.0,431.76,Active,,policies.csv,2026-09-03 13:30:17
POL000820,PART003,PRD005,2025-11-16,1988-11-16,F,Gauteng,52700.0,289.85,Active,,policies.csv,2026-09-03 13:30:17
POL000821,PART004,PRD007,2025-12-31,1981-12-31,F,Gauteng,121700.0,596.33,Active,,policies.csv,2026-09-03 13:30:17
POL000822,PART002,PRD003,2026-04-22,1979-04-22,F,Gauteng,25000.0,44.5,Active,,policies.csv,2026-09-03 13:30:17
POL000823,PART001,PRD001,2026-02-16,1981-02-16,M,Gauteng,60900.0,292.32,Active,,policies.csv,2026-09-03 13:30:17
POL000824,PART005,PRD009,2026-04-06,1975-04-06,M,Gauteng,261900.0,1099.98,Active,,policies.csv,2026-09-03 13:30:17
POL000825,PART005,PRD010,2026-01-30,1992-01-30,M,KwaZulu-Natal,164400.0,575.4,Active,,policies.csv,2026-09-03 13:30:17
POL000826,PART005,PRD009,2025-10-27,2003-10-27,M,Eastern Cape,277600.0,1165.92,Active,,policies.csv,2026-09-03 13:30:17
POL000827,PART003,PRD005,2026-03-31,1986-03-31,M,Gauteng,50900.0,279.95,Cancelled,2026-06-30,policies.csv,2026-09-03 13:30:17
POL000828,PART004,PRD008,2026-01-07,1999-01-07,F,Gauteng,50000.0,79.33,Active,,policies.csv,2026-09-03 13:30:17
POL000829,PART001,PRD001,2025-08-26,1980-08-26,M,Mpumalanga,40400.0,193.92,Active,,policies.csv,2026-09-03 13:30:17
POL000830,PART003,PRD005,2025-08-04,1974-08-04,M,Gauteng,95900.0,527.45,Active,,policies.csv,2026-09-03 13:30:17
POL000831,PART004,PRD008,2025-11-14,2004-11-14,F,Western Cape,50000.0,79.33,Active,,policies.csv,2026-09-03 13:30:17
POL000832,PART001,PRD001,2026-01-22,1989-01-22,F,Limpopo,26800.0,128.64,Active,,policies.csv,2026-09-03 13:30:17
POL000833,PART001,PRD001,2026-02-15,2004-02-15,F,Gauteng,67200.0,322.56,Active,,policies.csv,2026-09-03 13:30:17
POL000834,PART005,PRD009,2025-12-09,1980-12-09,M,KwaZulu-Natal,241200.0,1013.04,Active,,policies.csv,2026-09-03 13:30:17
POL000835,PART005,PRD010,2025-10-19,2005-10-19,M,Gauteng,197300.0,690.55,Lapsed,2025-12-19,policies.csv,2026-09-03 13:30:17
POL000837,PART005,PRD009,2025-10-18,1992-10-18,F,Gauteng,271400.0,1139.88,Active,,policies.csv,2026-09-03 13:30:17
POL000838,PART003,PRD005,2025-10-26,2003-10-26,M,KwaZulu-Natal,83800.0,460.9,Active,,policies.csv,2026-09-03 13:30:17
POL000839,PART004,PRD008,2026-01-17,2001-01-17,M,Western Cape,75000.0,119.0,Active,,policies.csv,2026-09-03 13:30:17
POL000840,PART003,PRD005,2025-09-03,2005-09-03,M,North West,32900.0,180.95,Active,,policies.csv,2026-09-03 13:30:17
POL000841,PART002,PRD004,2025-07-25,1961-07-25,M,Gauteng,100000.0,149.0,Active,,policies.csv,2026-09-03 13:30:17
POL000842,PART003,PRD006,2026-03-22,1994-03-22,F,Eastern Cape,195100.0,1287.66,Active,,policies.csv,2026-09-03 13:30:17
POL000843,PART004,PRD007,2025-07-16,1990-07-16,M,Western Cape,181700.0,890.33,Active,,policies.csv,2026-09-03 13:30:17
POL000844,PART001,PRD001,2025-08-07,2004-08-07,M,Western Cape,55800.0,267.84,Active,,policies.csv,2026-09-03 13:30:17
POL000845,PART001,PRD002,,1964-12-12,F,Free State,103900.0,644.18,Lapsed,2026-02-12,policies.csv,2026-09-03 13:30:17
POL000846,PART002,PRD004,2026-02-11,1985-02-11,M,North West,25000.0,37.25,Active,,policies.csv,2026-09-03 13:30:17
POL000847,PART004,PRD007,2025-10-24,1976-10-24,M,Free State,182400.0,893.76,Active,,policies.csv,2026-09-03 13:30:17
POL000848,PART004,PRD007,2026-02-22,1998-02-22,F,Free State,145400.0,712.46,Active,,policies.csv,2026-09-03 13:30:17
POL000849,PART003,PRD006,2026-04-27,1998-04-27,M,Western Cape,89800.0,592.68,Active,,policies.csv,2026-09-03 13:30:17
POL000850,PART004,PRD008,2026-01-30,1982-01-30,M,North West,50000.0,79.33,Active,,policies.csv,2026-09-03 13:30:17
POL000851,PART005,PRD010,2025-12-23,1979-12-23,F,Gauteng,70400.0,246.4,Active,,policies.csv,2026-09-03 13:30:17
POL000852,PART004,PRD008,2025-10-31,1961-10-31,M,Gauteng,25000.0,39.67,Active,,policies.csv,2026-09-03 13:30:17
POL000853,PART003,PRD005,2025-07-25,1964-07-25,M,Gauteng,82000.0,451.0,Active,,policies.csv,2026-09-03 13:30:17
POL000854,PART003,PRD005,2025-08-04,1999-08-04,F,Gauteng,73900.0,406.45,Active,,policies.csv,2026-09-03 13:30:17
POL000855,PART005,PRD010,2025-09-13,2001-09-13,M,KwaZulu-Natal,237600.0,831.6,Cancelled,2026-01-13,policies.csv,2026-09-03 13:30:17
POL000856,PART003,PRD005,2025-11-20,1995-11-20,M,Western Cape,33700.0,185.35,Active,,policies.csv,2026-09-03 13:30:17
POL000857,PART001,PRD001,2026-01-24,2000-01-24,F,KwaZulu-Natal,33600.0,161.28,Active,,policies.csv,2026-09-03 13:30:17
POL000858,PART001,PRD001,2026-04-13,1968-04-13,M,North West,34500.0,165.6,Active,,policies.csv,2026-09-03 13:30:17
POL000859,PART001,PRD001,2026-02-20,1986-02-20,F,Gauteng,65800.0,315.84,Lapsed,2026-06-30,policies.csv,2026-09-03 13:30:17
POL000860,PART003,PRD005,2026-01-26,1965-01-26,F,Western Cape,90400.0,497.2,Active,,policies.csv,2026-09-03 13:30:17
POL000861,PART005,PRD009,2025-09-29,1978-09-29,F,Gauteng,133600.0,561.12,Active,,policies.csv,2026-09-03 13:30:17
POL000862,PART001,PRD002,2026-01-02,2001-01-02,M,KwaZulu-Natal,91500.0,567.3,Active,,policies.csv,2026-09-03 13:30:17
POL000863,PART001,PRD001,2025-12-17,1981-12-17,F,Gauteng,51300.0,246.24,Active,,policies.csv,2026-09-03 13:30:17
POL000864,PART002,PRD003,2025-10-03,1997-10-03,F,KwaZulu-Natal,50000.0,89.0,Active,,policies.csv,2026-09-03 13:30:17
POL000865,PART003,PRD005,2026-04-01,1985-04-01,F,Gauteng,62100.0,341.55,Active,,policies.csv,2026-09-03 13:30:17
POL000866,PART002,PRD003,2025-10-06,1976-10-06,F,Mpumalanga,25000.0,44.5,Active,,policies.csv,2026-09-03 13:30:17
POL000867,PART003,PRD006,2025-12-19,1999-12-19,M,KwaZulu-Natal,82900.0,547.14,Active,,policies.csv,2026-09-03 13:30:17
POL000868,PART004,PRD007,2026-03-14,2002-03-14,M,Free State,111700.0,547.33,Active,,policies.csv,2026-09-03 13:30:17
POL000869,PART003,PRD006,2025-08-16,1977-08-16,M,North West,129100.0,852.06,Active,,policies.csv,2026-09-03 13:30:17
POL000870,PART005,PRD009,2025-11-22,1971-11-22,F,Gauteng,77600.0,325.92,Active,,policies.csv,2026-09-03 13:30:17
POL000871,PART001,PRD002,2025-10-23,1977-10-23,M,Gauteng,105400.0,653.48,Active,,policies.csv,2026-09-03 13:30:17
POL000873,PART005,PRD010,2026-04-01,2003-04-01,M,Gauteng,179800.0,629.3,Active,,policies.csv,2026-09-03 13:30:17
POL000874,PART002,PRD003,2025-07-14,1975-07-14,F,Eastern Cape,25000.0,44.5,Active,,policies.csv,2026-09-03 13:30:17
POL000875,PART004,PRD008,2026-01-16,2006-01-16,M,Gauteng,50000.0,79.33,Active,,policies.csv,2026-09-03 13:30:17
POL000876,PART004,PRD008,2025-10-14,1990-10-14,F,Gauteng,75000.0,119.0,Active,,policies.csv,2026-09-03 13:30:17
POL000877,PART001,PRD001,2025-09-17,1972-09-17,F,KwaZulu-Natal,39600.0,190.08,Active,,policies.csv,2026-09-03 13:30:17
POL000878,PART001,PRD002,2026-03-01,1979-03-01,F,Limpopo,128300.0,795.46,Active,,policies.csv,2026-09-03 13:30:17
POL000879,PART002,PRD004,2025-08-28,1969-08-28,F,Gauteng,100000.0,149.0,Lapsed,2026-02-28,policies.csv,2026-09-03 13:30:17
POL000880,PART001,PRD002,2025-11-23,1963-11-23,F,Western Cape,128200.0,794.84,Active,,policies.csv,2026-09-03 13:30:17
POL000881,PART005,PRD009,2025-07-18,1970-07-18,M,Gauteng,193400.0,812.28,Active,,policies.csv,2026-09-03 13:30:17
POL000882,PART004,PRD007,2026-01-17,2001-01-17,M,Western Cape,156400.0,766.36,Active,,policies.csv,2026-09-03 13:30:17
POL000883,PART002,PRD003,2025-07-06,1963-07-06,M,Mpumalanga,25000.0,44.5,Active,,policies.csv,2026-09-03 13:30:17
POL000884,PART002,PRD004,2025-12-14,1990-12-14,F,Gauteng,50000.0,74.5,Cancelled,2026-06-30,policies.csv,2026-09-03 13:30:17
POL000885,PART005,PRD010,2026-01-07,1983-01-07,F,Western Cape,85400.0,298.9,Lapsed,2026-04-07,policies.csv,2026-09-03 13:30:17
POL000886,PART001,PRD002,2025-08-28,1997-08-28,M,Gauteng,45300.0,280.86,Cancelled,2025-12-28,policies.csv,2026-09-03 13:30:17
POL000887,PART001,PRD001,2026-02-09,1989-02-09,F,Western Cape,69000.0,331.2,Active,,policies.csv,2026-09-03 13:30:17
POL000888,PART004,PRD008,2025-11-24,1995-11-24,M,Mpumalanga,50000.0,79.33,Active,,policies.csv,2026-09-03 13:30:17
POL000889,PART002,PRD004,2025-12-10,1986-12-10,M,Gauteng,25000.0,37.25,Cancelled,2026-02-10,policies.csv,2026-09-03 13:30:17
POL000890,PART003,PRD005,2026-01-14,1998-01-14,M,Western Cape,89800.0,493.9,Lapsed,2026-06-30,policies.csv,2026-09-03 13:30:17
POL000891,PART001,PRD002,2026-04-20,1996-04-20,F,Free State,130800.0,810.96,Active,,policies.csv,2026-09-03 13:30:17
POL000892,PART004,PRD008,2026-02-01,1993-02-01,F,Western Cape,25000.0,39.67,Active,,policies.csv,2026-09-03 13:30:17
POL000893,PART004,PRD007,2026-01-21,2004-01-21,M,Western Cape,142800.0,699.72,Active,,policies.csv,2026-09-03 13:30:17
POL000895,PART002,PRD003,2025-08-22,1989-08-22,M,KwaZulu-Natal,75000.0,133.5,Lapsed,2025-12-22,policies.csv,2026-09-03 13:30:17
POL000896,PART002,PRD004,2025-11-13,1978-11-13,F,Gauteng,100000.0,149.0,Active,,policies.csv,2026-09-03 13:30:17
POL000897,PART005,PRD010,2025-11-23,1977-11-23,M,Gauteng,148700.0,520.45,Lapsed,2026-02-23,policies.csv,2026-09-03 13:30:17
POL000898,PART001,PRD002,2026-01-24,2005-01-24,M,Eastern Cape,109100.0,676.42,Active,,policies.csv,2026-09-03 13:30:17
POL000899,PART001,PRD002,2025-10-26,1996-10-26,M,Gauteng,116800.0,724.16,Active,,policies.csv,2026-09-03 13:30:17
POL000900,PART001,PRD002,2026-02-28,1987-02-28,F,Gauteng,38500.0,238.7,Active,,policies.csv,2026-09-03 13:30:17
POL000901,PART004,PRD007,2025-07-21,1970-07-21,F,KwaZulu-Natal,70600.0,345.94,Lapsed,2026-01-21,policies.csv,2026-09-03 13:30:17
POL000902,PART003,PRD006,2025-10-30,1964-10-30,M,Eastern Cape,97200.0,641.52,Active,,policies.csv,2026-09-03 13:30:17
POL000903,PART001,PRD002,2025-09-20,1967-09-20,F,Free State,63300.0,392.46,Active,,policies.csv,2026-09-03 13:30:17
POL000904,PART004,PRD008,2026-02-13,1975-02-13,F,Mpumalanga,100000.0,158.67,Active,,policies.csv,2026-09-03 13:30:17
POL000905,PART004,PRD008,2025-09-28,2004-09-28,M,Eastern Cape,100000.0,158.67,Active,,policies.csv,2026-09-03 13:30:17
POL000906,PART005,PRD010,2025-09-05,1968-09-05,F,Eastern Cape,233200.0,816.2,Cancelled,2025-12-05,policies.csv,2026-09-03 13:30:17
POL000907,PART001,PRD002,2025-10-07,1983-10-07,F,KwaZulu-Natal,133000.0,824.6,Active,,policies.csv,2026-09-03 13:30:17
POL000908,PART004,PRD007,2025-09-29,1970-09-29,M,Limpopo,114700.0,562.03,Active,,policies.csv,2026-09-03 13:30:17
POL000909,PART001,PRD001,2025-12-19,1974-12-19,M,KwaZulu-Natal,70200.0,336.96,Active,,policies.csv,2026-09-03 13:30:17
POL000910,PART003,PRD005,2026-01-24,1981-01-24,F,Limpopo,94400.0,519.2,Cancelled,2026-06-30,policies.csv,2026-09-03 13:30:17
POL000911,PART004,PRD007,2026-04-01,1989-04-01,M,Limpopo,120100.0,588.49,Active,,policies.csv,2026-09-03 13:30:17
POL000912,PART003,PRD005,2025-11-09,1965-11-09,F,Eastern Cape,85100.0,468.05,Active,,policies.csv,2026-09-03 13:30:17
POL000913,PART002,PRD003,2025-09-11,1963-09-11,F,Gauteng,100000.0,178.0,Active,,policies.csv,2026-09-03 13:30:17
POL000914,PART004,PRD007,2026-02-01,1975-02-01,F,KwaZulu-Natal,99800.0,489.02,Active,,policies.csv,2026-09-03 13:30:17
POL000915,PART004,PRD008,2025-12-25,1977-12-25,F,Western Cape,25000.0,39.67,Active,,policies.csv,2026-09-03 13:30:17
POL000916,PART005,PRD009,2026-01-08,1977-01-08,M,Limpopo,287700.0,1208.34,Active,,policies.csv,2026-09-03 13:30:17
POL000917,PART005,PRD010,2025-10-13,1991-10-13,M,Western Cape,74000.0,259.0,Active,,policies.csv,2026-09-03 13:30:17
POL000918,PART005,PRD009,2025-07-17,1962-07-17,M,KwaZulu-Natal,106700.0,448.14,Active,,policies.csv,2026-09-03 13:30:17
POL000919,PART003,PRD005,2026-01-11,1998-01-11,F,Gauteng,30100.0,165.55,Active,,policies.csv,2026-09-03 13:30:17
POL000920,PART001,PRD001,2025-07-08,1973-07-08,M,Gauteng,33200.0,159.36,Active,,policies.csv,2026-09-03 13:30:17
POL000921,PART003,PRD005,2025-09-02,2002-09-02,M,Mpumalanga,72600.0,399.3,Active,,policies.csv,2026-09-03 13:30:17
POL000922,PART005,PRD009,2025-07-31,1967-07-31,F,Limpopo,176700.0,742.14,Active,,policies.csv,2026-09-03 13:30:17
POL000923,PART003,PRD006,2025-12-08,1994-12-08,F,Gauteng,87300.0,576.18,Lapsed,2026-06-30,policies.csv,2026-09-03 13:30:17
POL000924,PART005,PRD009,2026-02-13,1984-02-13,M,Eastern Cape,148300.0,622.86,Active,,policies.csv,2026-09-03 13:30:17
POL000925,PART003,PRD005,2026-04-20,1979-04-20,M,Gauteng,51700.0,284.35,Active,,policies.csv,2026-09-03 13:30:17
POL000926,PART001,PRD001,2025-12-15,1983-12-15,M,Gauteng,18900.0,90.72,Active,,policies.csv,2026-09-03 13:30:17
POL000927,PART005,PRD010,2026-01-09,2006-01-09,F,KwaZulu-Natal,187400.0,655.9,Active,,policies.csv,2026-09-03 13:30:17
POL000928,PART002,PRD003,2026-03-29,2006-03-29,F,Gauteng,25000.0,44.5,Active,,policies.csv,2026-09-03 13:30:17
POL000929,PART005,PRD010,2026-04-01,1996-04-01,M,Free State,242100.0,847.35,Active,,policies.csv,2026-09-03 13:30:17
POL000930,PART003,PRD006,2025-07-29,1972-07-29,M,North West,159600.0,1053.36,Active,,policies.csv,2026-09-03 13:30:17
POL000931,PART001,PRD001,2026-03-22,1999-03-22,M,Gauteng,49400.0,237.12,Cancelled,2026-06-30,policies.csv,2026-09-03 13:30:17
POL000932,PART004,PRD007,2026-02-28,1973-02-28,M,Gauteng,112400.0,550.76,Active,,policies.csv,2026-09-03 13:30:17
POL000933,PART002,PRD004,2025-07-12,1997-07-12,F,Mpumalanga,100000.0,149.0,Cancelled,2025-12-12,policies.csv,2026-09-03 13:30:17
POL000934,PART002,PRD003,2025-08-03,1969-08-03,F,Gauteng,100000.0,178.0,Active,,policies.csv,2026-09-03 13:30:17
POL000935,PART002,PRD003,2026-03-19,1965-03-19,F,Gauteng,75000.0,133.5,Active,,policies.csv,2026-09-03 13:30:17
POL000936,PART002,PRD003,2025-10-07,1984-10-07,F,Limpopo,100000.0,178.0,Active,,policies.csv,2026-09-03 13:30:17
POL000937,PART003,PRD005,2026-01-21,1973-01-21,M,Free State,54400.0,299.2,Active,,policies.csv,2026-09-03 13:30:17
POL000938,PART002,PRD004,2025-08-27,1962-08-27,M,Limpopo,50000.0,74.5,Active,,policies.csv,2026-09-03 13:30:17
POL000939,PART003,PRD006,2025-11-22,1964-11-22,M,Limpopo,155100.0,1023.66,Active,,policies.csv,2026-09-03 13:30:17
POL000940,PART004,PRD007,2025-11-22,1961-11-22,F,Limpopo,150700.0,738.43,Active,,policies.csv,2026-09-03 13:30:17
POL000941,PART005,PRD010,2026-03-20,1988-03-20,M,Western Cape,93700.0,327.95,Active,,policies.csv,2026-09-03 13:30:17
POL000942,PART004,PRD008,2026-03-08,1979-03-08,F,Eastern Cape,25000.0,39.67,Active,,policies.csv,2026-09-03 13:30:17
POL000943,PART003,PRD006,2025-09-10,1995-09-10,F,Gauteng,181800.0,1199.88,Active,,policies.csv,2026-09-03 13:30:17
POL000944,PART002,PRD004,2025-09-03,1979-09-03,F,KwaZulu-Natal,50000.0,74.5,Lapsed,2026-03-03,policies.csv,2026-09-03 13:30:17
POL000945,PART003,PRD006,2025-11-30,1967-11-30,M,KwaZulu-Natal,133100.0,878.46,Active,,policies.csv,2026-09-03 13:30:17
POL000946,PART003,PRD005,2026-04-14,1978-04-14,M,Gauteng,74300.0,408.65,Active,,policies.csv,2026-09-03 13:30:17
POL000947,PART003,PRD005,2026-02-12,1994-02-12,M,Gauteng,98300.0,540.65,Active,,policies.csv,2026-09-03 13:30:17
POL000948,PART004,PRD007,2025-07-30,1989-07-30,F,Western Cape,79200.0,388.08,Active,,policies.csv,2026-09-03 13:30:17
POL000949,PART001,PRD001,2025-07-17,1975-07-17,M,KwaZulu-Natal,45000.0,216.0,Active,,policies.csv,2026-09-03 13:30:17
POL000950,PART004,PRD008,2026-02-27,1970-02-27,M,Gauteng,25000.0,39.67,Lapsed,2026-06-27,policies.csv,2026-09-03 13:30:17
POL000951,PART003,PRD005,2026-03-20,1985-03-20,F,Gauteng,28400.0,156.2,Active,,policies.csv,2026-09-03 13:30:17
POL000952,PART003,PRD006,2025-12-09,1974-12-09,M,Western Cape,54100.0,357.06,Lapsed,2026-05-09,policies.csv,2026-09-03 13:30:17
POL000953,PART003,PRD006,2026-02-27,1979-02-27,F,Western Cape,96500.0,636.9,Active,,policies.csv,2026-09-03 13:30:17
POL000954,PART004,PRD007,2025-11-04,1987-11-04,M,Limpopo,106400.0,521.36,Active,,policies.csv,2026-09-03 13:30:17
POL000955,PART001,PRD001,2026-02-23,2006-02-23,F,Gauteng,58000.0,278.4,Cancelled,2026-06-30,policies.csv,2026-09-03 13:30:17
POL000956,PART005,PRD010,2026-03-12,1980-03-12,M,Limpopo,195600.0,684.6,Active,,policies.csv,2026-09-03 13:30:17
POL000957,PART003,PRD005,2026-01-03,2004-01-03,F,KwaZulu-Natal,74500.0,409.75,Active,,policies.csv,2026-09-03 13:30:17
POL000958,PART003,PRD005,2026-01-02,1981-01-02,F,Western Cape,59600.0,327.8,Active,,policies.csv,2026-09-03 13:30:17
POL000959,PART001,PRD001,2026-03-16,1966-03-16,M,Gauteng,59200.0,284.16,Active,,policies.csv,2026-09-03 13:30:17
POL000960,PART005,PRD010,2025-10-28,1983-10-28,M,Gauteng,144100.0,504.35,Active,,policies.csv,2026-09-03 13:30:17
POL000961,PART005,PRD010,2025-09-05,1972-09-05,F,Gauteng,239900.0,839.65,Active,,policies.csv,2026-09-03 13:30:17
POL000962,PART002,PRD004,2025-10-20,1999-10-20,M,Gauteng,50000.0,74.5,Active,,policies.csv,2026-09-03 13:30:17
POL000963,PART001,PRD001,2025-08-08,1962-08-08,F,Gauteng,30700.0,147.36,Lapsed,2025-11-08,policies.csv,2026-09-03 13:30:17
POL000965,PART003,PRD006,2026-01-28,1988-01-28,M,Eastern Cape,142200.0,938.52,Active,,policies.csv,2026-09-03 13:30:17
POL000966,PART001,PRD002,2026-04-04,1990-04-04,M,Western Cape,75900.0,470.58,Active,,policies.csv,2026-09-03 13:30:17
POL000967,PART001,PRD002,2025-09-05,1999-09-05,F,Gauteng,88500.0,548.7,Active,,policies.csv,2026-09-03 13:30:17
POL000968,PART005,PRD009,2026-04-09,1974-04-09,F,Gauteng,250300.0,1051.26,Active,,policies.csv,2026-09-03 13:30:17
POL000969,PART004,PRD008,2025-09-20,1973-09-20,M,Eastern Cape,100000.0,158.67,Active,,policies.csv,2026-09-03 13:30:17
POL000970,PART005,PRD010,2026-03-08,1988-03-08,F,Gauteng,210100.0,735.35,Active,,policies.csv,2026-09-03 13:30:17
POL000971,PART004,PRD008,2025-07-08,1977-07-08,F,Western Cape,25000.0,39.67,Active,,policies.csv,2026-09-03 13:30:17
POL000972,PART002,PRD004,2025-07-17,1994-07-17,M,KwaZulu-Natal,25000.0,37.25,Lapsed,2025-11-17,policies.csv,2026-09-03 13:30:17
POL000973,PART001,PRD001,2025-09-14,1964-09-14,F,Gauteng,21500.0,103.2,Active,,policies.csv,2026-09-03 13:30:17
POL000974,PART005,PRD009,2025-09-14,1977-09-14,M,Western Cape,262500.0,1102.5,Active,,policies.csv,2026-09-03 13:30:17
POL000975,PART001,PRD002,2025-12-27,1971-12-27,M,Eastern Cape,57400.0,355.88,Active,,policies.csv,2026-09-03 13:30:17
POL000976,PART004,PRD008,2025-07-18,1984-07-18,M,Gauteng,100000.0,158.67,Active,,policies.csv,2026-09-03 13:30:17
POL000977,PART004,PRD007,2026-04-26,1997-04-26,M,Western Cape,94000.0,460.6,Active,,policies.csv,2026-09-03 13:30:17
POL000978,PART003,PRD005,2025-11-24,1974-11-24,M,Gauteng,51400.0,282.7,Active,,policies.csv,2026-09-03 13:30:17
POL000980,PART001,PRD002,2026-04-11,2003-04-11,F,Gauteng,122600.0,760.12,Active,,policies.csv,2026-09-03 13:30:17
POL000981,PART001,PRD002,2026-03-16,1979-03-16,F,Western Cape,60000.0,372.0,Active,,policies.csv,2026-09-03 13:30:17
POL000982,PART002,PRD003,2025-11-15,2000-11-15,F,Free State,75000.0,133.5,Active,,policies.csv,2026-09-03 13:30:17
POL000983,PART005,PRD009,2025-09-04,1999-09-04,M,Gauteng,76800.0,322.56,Lapsed,2025-12-04,policies.csv,2026-09-03 13:30:17
POL000984,PART004,PRD007,2026-03-19,2005-03-19,F,Western Cape,135500.0,663.95,Active,,policies.csv,2026-09-03 13:30:17
POL000985,PART003,PRD005,2026-03-14,1962-03-14,F,Eastern Cape,28500.0,156.75,Active,,policies.csv,2026-09-03 13:30:17
POL000986,PART004,PRD008,2026-02-14,2003-02-14,F,Gauteng,25000.0,39.67,Active,,policies.csv,2026-09-03 13:30:17
POL000987,PART005,PRD010,2025-07-08,2001-07-08,F,KwaZulu-Natal,130800.0,457.8,Cancelled,2025-09-08,policies.csv,2026-09-03 13:30:17
POL000988,PART001,PRD002,2025-10-04,1968-10-04,F,Gauteng,121400.0,752.68,Active,,policies.csv,2026-09-03 13:30:17
POL000989,PART001,PRD002,2026-02-14,1996-02-14,M,KwaZulu-Natal,135900.0,842.58,Cancelled,2026-06-14,policies.csv,2026-09-03 13:30:17
POL000990,PART004,PRD007,2025-07-10,1993-07-10,F,Gauteng,63100.0,309.19,Active,,policies.csv,2026-09-03 13:30:17
POL000991,PART002,PRD004,2025-11-11,1990-11-11,F,Gauteng,100000.0,149.0,Cancelled,2026-01-11,policies.csv,2026-09-03 13:30:17
POL000992,PART001,PRD002,2025-09-02,1968-09-02,F,Gauteng,114900.0,712.38,Active,,policies.csv,2026-09-03 13:30:17
POL000993,PART004,PRD007,2026-01-08,1975-01-08,F,Mpumalanga,198000.0,970.2,Active,,policies.csv,2026-09-03 13:30:17
POL000994,PART003,PRD006,2025-12-30,1994-12-30,M,Limpopo,70600.0,465.96,Active,,policies.csv,2026-09-03 13:30:17
POL000995,PART005,PRD009,2026-03-04,1966-03-04,M,Gauteng,258800.0,1086.96,Active,,policies.csv,2026-09-03 13:30:17
POL000996,PART004,PRD007,2026-02-12,1986-02-12,F,Gauteng,53900.0,264.11,Active,,policies.csv,2026-09-03 13:30:17
POL000997,PART002,PRD004,2025-11-28,2001-11-28,M,Gauteng,50000.0,74.5,Active,,policies.csv,2026-09-03 13:30:17
POL000998,PART004,PRD008,2026-04-13,1991-04-13,F,Western Cape,75000.0,119.0,Active,,policies.csv,2026-09-03 13:30:17
POL000999,PART001,PRD001,2025-08-13,1998-08-13,M,Gauteng,68700.0,329.76,Active,,policies.csv,2026-09-03 13:30:17
POL001000,PART004,PRD007,2026-04-01,1996-04-01,F,Western Cape,157400.0,771.26,Active,,policies.csv,2026-09-03 13:30:17
POL001001,PART001,PRD001,2025-11-11,2000-11-11,M,Mpumalanga,65100.0,312.48,Active,,policies.csv,2026-09-03 13:30:17
POL001002,PART001,PRD001,2025-08-03,2004-08-03,F,Mpumalanga,63300.0,303.84,Active,,policies.csv,2026-09-03 13:30:17
POL001003,PART001,PRD001,2025-08-07,1980-08-07,F,Eastern Cape,53900.0,258.72,Active,,policies.csv,2026-09-03 13:30:17
POL001004,PART001,PRD002,2026-04-23,1967-04-23,F,Gauteng,143500.0,889.7,Active,,policies.csv,2026-09-03 13:30:17
POL001005,PART004,PRD007,2025-09-26,1973-09-26,M,North West,119800.0,587.02,Active,,policies.csv,2026-09-03 13:30:17
POL001006,PART004,PRD007,2025-12-02,1962-12-02,F,Free State,57600.0,282.24,Active,,policies.csv,2026-09-03 13:30:17
POL001007,PART002,PRD004,2025-11-25,1995-11-25,F,North West,100000.0,149.0,Active,,policies.csv,2026-09-03 13:30:17
POL001008,PART002,PRD004,2026-04-05,1984-04-05,M,North West,25000.0,37.25,Active,,policies.csv,2026-09-03 13:30:17
POL001009,PART004,PRD008,2026-01-21,1977-01-21,F,Free State,75000.0,119.0,Active,,policies.csv,2026-09-03 13:30:17
POL001010,PART005,PRD009,2026-02-22,2001-02-22,M,Mpumalanga,286400.0,1202.88,Cancelled,2026-06-30,policies.csv,2026-09-03 13:30:17
POL001011,PART005,PRD010,2025-08-11,1995-08-11,M,Free State,232400.0,813.4,Active,,policies.csv,2026-09-03 13:30:17
POL001012,PART003,PRD006,2025-08-31,2002-08-31,F,Gauteng,125900.0,830.94,Active,,policies.csv,2026-09-03 13:30:17
POL001013,PART002,PRD004,2026-03-04,1995-03-04,M,Free State,25000.0,37.25,Active,,policies.csv,2026-09-03 13:30:17
POL001014,PART004,PRD007,2025-12-02,1992-12-02,F,Western Cape,128600.0,630.14,Active,,policies.csv,2026-09-03 13:30:17
POL001015,PART005,PRD009,2025-10-03,1975-10-03,M,Gauteng,261800.0,1099.56,Active,,policies.csv,2026-09-03 13:30:17
POL001016,PART004,PRD008,2025-07-29,1964-07-29,M,KwaZulu-Natal,75000.0,119.0,Active,,policies.csv,2026-09-03 13:30:17
POL001017,PART002,PRD004,2026-03-05,1981-03-05,F,Gauteng,25000.0,37.25,Active,,policies.csv,2026-09-03 13:30:17
POL001018,PART004,PRD008,2025-09-06,1963-09-06,M,Mpumalanga,50000.0,79.33,Active,,policies.csv,2026-09-03 13:30:17
POL001019,PART002,PRD004,2025-09-19,1996-09-19,F,Gauteng,75000.0,111.75,Active,,policies.csv,2026-09-03 13:30:17
POL001020,PART005,PRD009,2025-09-26,2002-09-26,M,Western Cape,225000.0,945.0,Lapsed,2026-04-26,policies.csv,2026-09-03 13:30:17
POL001021,PART002,PRD004,2026-04-08,1974-04-08,M,Gauteng,25000.0,37.25,Active,,policies.csv,2026-09-03 13:30:17
POL001022,PART004,PRD007,2025-10-19,2003-10-19,M,Western Cape,146400.0,717.36,Lapsed,2026-03-19,policies.csv,2026-09-03 13:30:17
POL001023,PART003,PRD005,2025-12-17,1968-12-17,M,Gauteng,30700.0,168.85,Active,,policies.csv,2026-09-03 13:30:17
POL001024,PART001,PRD002,2026-02-10,1989-02-10,F,Gauteng,90600.0,561.72,Active,,policies.csv,2026-09-03 13:30:17
POL001025,PART005,PRD009,2025-10-01,1966-10-01,M,KwaZulu-Natal,96600.0,405.72,Active,,policies.csv,2026-09-03 13:30:17
POL001026,PART004,PRD008,2025-10-27,1975-10-27,F,Gauteng,50000.0,79.33,Active,,policies.csv,2026-09-03 13:30:17
POL001027,PART001,PRD002,2026-03-29,1978-03-29,M,KwaZulu-Natal,112100.0,695.02,Cancelled,2026-06-30,policies.csv,2026-09-03 13:30:17
POL001028,PART002,PRD003,2026-03-13,1963-03-13,F,Gauteng,100000.0,178.0,Active,,policies.csv,2026-09-03 13:30:17
POL001029,PART005,PRD010,2025-10-26,1976-10-26,M,Free State,100900.0,353.15,Active,,policies.csv,2026-09-03 13:30:17
POL001030,PART004,PRD007,2026-04-21,2001-04-21,M,Western Cape,67300.0,329.77,Active,,policies.csv,2026-09-03 13:30:17
POL001031,PART003,PRD006,2026-04-12,1970-04-12,F,North West,64700.0,427.02,Active,,policies.csv,2026-09-03 13:30:17
POL001032,PART001,PRD002,2026-03-26,1976-03-26,M,North West,109000.0,675.8,Active,,policies.csv,2026-09-03 13:30:17
POL001033,PART001,PRD001,2025-08-02,1969-08-02,M,Gauteng,36400.0,174.72,Active,,policies.csv,2026-09-03 13:30:17
POL001034,PART004,PRD008,2025-08-19,1998-08-19,M,Limpopo,25000.0,39.67,Lapsed,2026-04-19,policies.csv,2026-09-03 13:30:17
POL001035,PART003,PRD005,2025-11-19,2001-11-19,M,Limpopo,53100.0,292.05,Lapsed,2026-06-30,policies.csv,2026-09-03 13:30:17
POL001036,PART004,PRD008,2025-10-27,1982-10-27,M,Western Cape,100000.0,158.67,Active,,policies.csv,2026-09-03 13:30:17
POL001037,PART001,PRD002,2025-10-09,1971-10-09,F,Western Cape,133100.0,825.22,Active,,policies.csv,2026-09-03 13:30:17
POL001038,PART001,PRD001,2025-09-26,1987-09-26,F,Gauteng,50300.0,241.44,Active,,policies.csv,2026-09-03 13:30:17
POL001039,PART005,PRD010,2025-08-04,1992-08-04,F,Gauteng,124000.0,434.0,Active,,policies.csv,2026-09-03 13:30:17
POL001040,PART005,PRD010,2025-08-24,1994-08-24,M,Gauteng,211500.0,740.25,Active,,policies.csv,2026-09-03 13:30:17
POL001041,PART002,PRD004,2025-10-05,1987-10-05,F,Mpumalanga,50000.0,74.5,Active,,policies.csv,2026-09-03 13:30:17
POL001042,PART005,PRD010,2025-10-26,2000-10-26,F,Gauteng,107500.0,376.25,Active,,policies.csv,2026-09-03 13:30:17
POL001043,PART002,PRD004,2026-03-29,1971-03-29,M,Limpopo,100000.0,149.0,Active,,policies.csv,2026-09-03 13:30:17
POL001044,PART001,PRD002,2026-04-25,1987-04-25,F,Gauteng,120100.0,744.62,Active,,policies.csv,2026-09-03 13:30:17
POL001045,PART003,PRD006,2025-11-16,1964-11-16,M,Gauteng,81400.0,537.24,Active,,policies.csv,2026-09-03 13:30:17
POL001046,PART001,PRD001,2026-02-20,1990-02-20,M,Gauteng,30700.0,147.36,Active,,policies.csv,2026-09-03 13:30:17
POL001047,PART001,PRD002,2025-09-18,1971-09-18,F,Western Cape,62100.0,385.02,Active,,policies.csv,2026-09-03 13:30:17
POL001048,PART005,PRD010,2026-03-18,1999-03-18,M,North West,182900.0,640.15,Active,,policies.csv,2026-09-03 13:30:17
POL001049,PART003,PRD005,2026-02-21,1964-02-21,M,Western Cape,45500.0,250.25,Active,,policies.csv,2026-09-03 13:30:17
POL001050,PART005,PRD009,2025-10-04,1982-10-04,F,Free State,87700.0,368.34,Active,,policies.csv,2026-09-03 13:30:17
POL001051,PART004,PRD008,2025-09-05,1966-09-05,F,Gauteng,25000.0,39.67,Active,,policies.csv,2026-09-03 13:30:17
POL001052,PART005,PRD010,2026-02-23,2003-02-23,F,Gauteng,213500.0,747.25,Active,,policies.csv,2026-09-03 13:30:17
POL001053,PART005,PRD009,2025-07-18,1970-07-18,F,Eastern Cape,258100.0,1084.02,Lapsed,2026-03-18,policies.csv,2026-09-03 13:30:17
POL001054,PART001,PRD002,2026-02-25,1985-02-25,M,Mpumalanga,95000.0,589.0,Active,,policies.csv,2026-09-03 13:30:17
POL001055,PART004,PRD007,2026-03-30,1966-03-30,F,KwaZulu-Natal,75000.0,367.5,Active,,policies.csv,2026-09-03 13:30:17
POL001056,PART004,PRD007,2025-07-16,1971-07-16,F,Gauteng,95900.0,469.91,Lapsed,2026-01-16,policies.csv,2026-09-03 13:30:17
POL001057,PART004,PRD007,2026-01-25,1973-01-25,F,Mpumalanga,54900.0,269.01,Lapsed,2026-06-25,policies.csv,2026-09-03 13:30:17
POL001058,PART004,PRD007,2025-07-05,1962-07-05,F,Limpopo,93000.0,455.7,Active,,policies.csv,2026-09-03 13:30:17
POL001059,PART003,PRD006,2025-11-24,1977-11-24,M,Gauteng,184200.0,1215.72,Active,,policies.csv,2026-09-03 13:30:17
POL001060,PART003,PRD005,2026-01-02,1993-01-02,M,North West,99800.0,548.9,Active,,policies.csv,2026-09-03 13:30:17
POL001061,PART005,PRD010,2025-12-12,1967-12-12,M,Gauteng,166700.0,583.45,Active,,policies.csv,2026-09-03 13:30:17
POL001062,PART002,PRD004,2026-03-01,1964-03-01,M,Gauteng,100000.0,149.0,Active,,policies.csv,2026-09-03 13:30:17
POL001063,PART003,PRD005,2025-07-26,1963-07-26,F,Gauteng,54900.0,301.95,Active,,policies.csv,2026-09-03 13:30:17
POL001064,PART002,PRD003,2025-07-07,1962-07-07,F,Mpumalanga,25000.0,44.5,Active,,policies.csv,2026-09-03 13:30:17
POL001065,PART005,PRD010,2025-09-18,2001-09-18,F,North West,175500.0,614.25,Active,,policies.csv,2026-09-03 13:30:17
POL001066,PART002,PRD004,2026-02-22,1977-02-22,M,Western Cape,100000.0,149.0,Active,,policies.csv,2026-09-03 13:30:17
POL001067,PART001,PRD001,2025-08-03,1969-08-03,F,Gauteng,59800.0,287.04,Active,,policies.csv,2026-09-03 13:30:17
POL001068,PART003,PRD006,2025-12-19,2000-12-19,F,Free State,97500.0,643.5,Active,,policies.csv,2026-09-03 13:30:17
POL001069,PART003,PRD005,2025-09-14,1980-09-14,F,Western Cape,51500.0,283.25,Active,,policies.csv,2026-09-03 13:30:17
POL001070,PART001,PRD002,2025-10-12,1973-10-12,M,Western Cape,114700.0,711.14,Cancelled,2026-01-12,policies.csv,2026-09-03 13:30:17
POL001071,PART004,PRD007,2025-10-21,1987-10-21,M,Gauteng,154500.0,757.05,Active,,policies.csv,2026-09-03 13:30:17
POL001072,PART004,PRD007,2025-08-23,1967-08-23,M,Free State,191100.0,936.39,Active,,policies.csv,2026-09-03 13:30:17
POL001073,PART002,PRD004,2026-03-09,1973-03-09,F,Gauteng,75000.0,111.75,Active,,policies.csv,2026-09-03 13:30:17
POL001074,PART002,PRD004,2026-01-24,1988-01-24,M,Limpopo,25000.0,37.25,Active,,policies.csv,2026-09-03 13:30:17
POL001075,PART003,PRD005,2025-10-23,1992-10-23,F,Gauteng,46700.0,256.85,Active,,policies.csv,2026-09-03 13:30:17
POL001076,PART002,PRD003,2025-10-19,1974-10-19,F,Free State,100000.0,178.0,Active,,policies.csv,2026-09-03 13:30:17
POL001077,PART005,PRD009,2025-12-31,1967-12-31,F,Gauteng,214300.0,900.06,Active,,policies.csv,2026-09-03 13:30:17
POL001078,PART004,PRD007,2025-09-10,1989-09-10,M,Gauteng,96300.0,471.87,Active,,policies.csv,2026-09-03 13:30:17
POL001079,PART001,PRD002,2025-08-23,1966-08-23,M,Western Cape,91100.0,564.82,Active,,policies.csv,2026-09-03 13:30:17
POL001080,PART002,PRD003,2025-09-25,1964-09-25,M,Mpumalanga,50000.0,89.0,Active,,policies.csv,2026-09-03 13:30:17
POL001081,PART002,PRD004,2025-07-18,1969-07-18,F,KwaZulu-Natal,75000.0,111.75,Active,,policies.csv,2026-09-03 13:30:17
POL001082,PART004,PRD008,2026-01-19,1983-01-19,F,KwaZulu-Natal,75000.0,119.0,Lapsed,2026-06-30,policies.csv,2026-09-03 13:30:17
POL001083,PART001,PRD002,2026-03-06,1985-03-06,M,Gauteng,118400.0,734.08,Active,,policies.csv,2026-09-03 13:30:17
POL001084,PART002,PRD004,2026-02-17,1985-02-17,F,KwaZulu-Natal,100000.0,149.0,Lapsed,2026-06-30,policies.csv,2026-09-03 13:30:17
POL001085,PART002,PRD004,2025-12-20,1965-12-20,F,Western Cape,100000.0,149.0,Active,,policies.csv,2026-09-03 13:30:17
POL001086,PART003,PRD005,2025-07-21,2001-07-21,M,Eastern Cape,81800.0,449.9,Lapsed,2025-11-21,policies.csv,2026-09-03 13:30:17
POL001087,PART002,PRD003,2026-01-10,1996-01-10,M,KwaZulu-Natal,50000.0,89.0,Active,,policies.csv,2026-09-03 13:30:17
POL001088,PART004,PRD007,2025-07-18,1980-07-18,F,Limpopo,179900.0,881.51,Active,,policies.csv,2026-09-03 13:30:17
POL001089,PART001,PRD001,2025-12-28,1965-12-28,F,Eastern Cape,73000.0,350.4,Active,,policies.csv,2026-09-03 13:30:17
POL001090,PART004,PRD008,2025-09-30,1980-09-30,M,Limpopo,25000.0,39.67,Active,,policies.csv,2026-09-03 13:30:17
POL001091,PART003,PRD005,2026-04-16,1990-04-16,M,Mpumalanga,89200.0,490.6,Active,,policies.csv,2026-09-03 13:30:17
POL001092,PART002,PRD004,2026-02-22,1989-02-22,F,KwaZulu-Natal,75000.0,111.75,Active,,policies.csv,2026-09-03 13:30:17
POL001093,PART002,PRD003,2025-10-13,2004-10-13,M,Mpumalanga,100000.0,178.0,Active,,policies.csv,2026-09-03 13:30:17
POL001094,PART003,PRD006,2025-11-07,1977-11-07,M,Gauteng,182600.0,1205.16,Active,,policies.csv,2026-09-03 13:30:17
POL001095,PART003,PRD006,2026-01-22,1983-01-22,F,Mpumalanga,50400.0,332.64,Active,,policies.csv,2026-09-03 13:30:17
POL001096,PART001,PRD002,2025-07-22,1996-07-22,M,Gauteng,127700.0,791.74,Active,,policies.csv,2026-09-03 13:30:17
POL001097,PART004,PRD007,2025-12-31,1968-12-31,M,KwaZulu-Natal,122000.0,597.8,Active,,policies.csv,2026-09-03 13:30:17
POL001098,PART005,PRD010,2025-12-15,1972-12-15,M,Eastern Cape,204700.0,716.45,Active,,policies.csv,2026-09-03 13:30:17
POL001099,PART001,PRD001,2026-04-15,1983-04-15,F,Limpopo,61200.0,293.76,Active,,policies.csv,2026-09-03 13:30:17
POL001100,PART005,PRD009,2026-04-25,2003-04-25,M,Western Cape,164200.0,689.64,Active,,policies.csv,2026-09-03 13:30:17
POL001101,PART003,PRD006,2025-07-15,1990-07-15,M,Limpopo,63900.0,421.74,Active,,policies.csv,2026-09-03 13:30:17
POL001102,PART001,PRD002,2026-03-03,2004-03-03,M,Gauteng,131000.0,812.2,Active,,policies.csv,2026-09-03 13:30:17
POL001103,PART001,PRD001,2026-02-15,1975-02-15,F,Gauteng,44700.0,214.56,Active,,policies.csv,2026-09-03 13:30:17
POL001104,PART001,PRD001,2026-01-25,1980-01-25,F,Limpopo,61900.0,297.12,Active,,policies.csv,2026-09-03 13:30:17
POL001105,PART001,PRD002,2025-09-11,1973-09-11,F,Gauteng,106900.0,662.78,Active,,policies.csv,2026-09-03 13:30:17
POL001106,PART003,PRD006,2025-07-19,1977-07-19,F,Gauteng,95400.0,629.64,Active,,policies.csv,2026-09-03 13:30:17
POL001107,PART003,PRD006,2025-10-10,1964-10-10,F,Western Cape,139700.0,922.02,Active,,policies.csv,2026-09-03 13:30:17
POL001108,PART005,PRD009,2025-12-30,1993-12-30,M,Free State,214200.0,899.64,Active,,policies.csv,2026-09-03 13:30:17
POL001109,PART004,PRD008,2026-01-21,1978-01-21,M,Gauteng,75000.0,119.0,Active,,policies.csv,2026-09-03 13:30:17
POL001110,PART003,PRD005,2026-02-01,1965-02-01,M,Gauteng,47500.0,261.25,Active,,policies.csv,2026-09-03 13:30:17
POL001111,PART002,PRD999,2025-11-22,2001-11-22,M,Limpopo,75000.0,111.75,Lapsed,2026-03-22,policies.csv,2026-09-03 13:30:17
POL001112,PART004,PRD008,2025-07-01,1985-07-01,M,Gauteng,75000.0,119.0,Active,,policies.csv,2026-09-03 13:30:17
POL001113,PART003,PRD006,2026-03-21,1992-03-21,M,Free State,190700.0,1258.62,Cancelled,2026-05-21,policies.csv,2026-09-03 13:30:17
POL001114,PART002,PRD003,2026-03-03,1989-03-03,M,KwaZulu-Natal,25000.0,44.5,Active,,policies.csv,2026-09-03 13:30:17
POL001115,PART004,PRD007,2025-12-21,1969-12-21,F,Gauteng,156300.0,765.87,Active,,policies.csv,2026-09-03 13:30:17
POL001116,PART003,PRD005,2025-09-22,1989-09-22,M,Limpopo,98000.0,539.0,Active,,policies.csv,2026-09-03 13:30:17
POL001117,PART005,PRD009,2025-10-06,2001-10-06,F,Mpumalanga,278200.0,1168.44,Active,,policies.csv,2026-09-03 13:30:17
POL001118,PART001,PRD001,2026-02-05,1989-02-05,M,Gauteng,49200.0,236.16,Active,,policies.csv,2026-09-03 13:30:17
POL001119,PART005,PRD009,2026-01-01,1983-01-01,F,Limpopo,152300.0,639.66,Lapsed,2026-06-01,policies.csv,2026-09-03 13:30:17
POL001120,PART003,PRD005,2025-08-13,1970-08-13,F,Gauteng,63900.0,351.45,Active,,policies.csv,2026-09-03 13:30:17
POL001121,PART003,PRD005,2025-10-24,1997-10-24,F,North West,48500.0,266.75,Active,,policies.csv,2026-09-03 13:30:17
POL001122,PART001,PRD001,2025-11-15,1968-11-15,M,Western Cape,74800.0,359.04,Active,,policies.csv,2026-09-03 13:30:17
POL001123,PART001,PRD002,2025-10-27,1980-10-27,F,Gauteng,120200.0,745.24,Active,,policies.csv,2026-09-03 13:30:17
POL001124,PART002,PRD004,2025-12-05,1970-12-05,M,North West,25000.0,37.25,Active,,policies.csv,2026-09-03 13:30:17
POL001125,PART004,PRD007,2025-07-14,1971-07-14,M,North West,187400.0,918.26,Lapsed,2025-11-14,policies.csv,2026-09-03 13:30:17
POL001126,PART004,PRD007,2026-01-05,1968-01-05,F,KwaZulu-Natal,89700.0,439.53,Cancelled,2026-06-30,policies.csv,2026-09-03 13:30:17
POL001127,PART004,PRD007,2025-09-10,1976-09-10,M,Gauteng,136900.0,670.81,Active,,policies.csv,2026-09-03 13:30:17
POL001128,PART003,PRD006,2025-10-24,1982-10-24,M,Gauteng,193200.0,1275.12,Active,,policies.csv,2026-09-03 13:30:17
POL001129,PART005,PRD009,2025-11-20,1968-11-20,F,Western Cape,216300.0,908.46,Active,,policies.csv,2026-09-03 13:30:17
POL001130,PART005,PRD009,2025-11-14,1995-11-14,F,Gauteng,257700.0,1082.34,Active,,policies.csv,2026-09-03 13:30:17
POL001131,PART004,PRD008,2025-08-16,1978-08-16,F,KwaZulu-Natal,75000.0,119.0,Active,,policies.csv,2026-09-03 13:30:17
POL001132,PART003,PRD005,2025-09-23,1966-09-23,F,Mpumalanga,43600.0,239.8,Active,,policies.csv,2026-09-03 13:30:17
POL001133,PART004,PRD008,2026-01-25,2000-01-25,F,KwaZulu-Natal,100000.0,158.67,Active,,policies.csv,2026-09-03 13:30:17
POL001134,PART002,PRD004,2026-04-08,2001-04-08,F,Limpopo,100000.0,149.0,Active,,policies.csv,2026-09-03 13:30:17
POL001135,PART001,PRD001,2025-09-06,1990-09-06,F,Western Cape,58100.0,278.88,Cancelled,2026-02-06,policies.csv,2026-09-03 13:30:17
POL001136,PART005,PRD010,2025-08-03,1981-08-03,F,Western Cape,159500.0,558.25,Cancelled,2026-02-03,policies.csv,2026-09-03 13:30:17
POL001137,PART003,PRD005,2026-04-18,1985-04-18,F,North West,97900.0,538.45,Active,,policies.csv,2026-09-03 13:30:17
POL001138,PART003,PRD005,2025-11-19,1980-11-19,F,Limpopo,42400.0,233.2,Active,,policies.csv,2026-09-03 13:30:17
POL001139,PART004,PRD007,2025-07-08,1989-07-08,M,North West,99900.0,489.51,Active,,policies.csv,2026-09-03 13:30:17
POL001140,PART003,PRD006,2025-07-07,1963-07-07,M,KwaZulu-Natal,151200.0,997.92,Lapsed,2026-04-07,policies.csv,2026-09-03 13:30:17
POL001141,PART005,PRD010,2025-12-29,1990-12-29,F,KwaZulu-Natal,95600.0,334.6,Active,,policies.csv,2026-09-03 13:30:17
POL001142,PART002,PRD004,2025-10-22,1981-10-22,M,Western Cape,100000.0,149.0,Active,,policies.csv,2026-09-03 13:30:17
POL001143,PART001,PRD002,2025-07-05,1965-07-05,F,Western Cape,100700.0,624.34,Active,,policies.csv,2026-09-03 13:30:17
POL001144,PART005,PRD009,2025-12-31,1965-12-31,F,Limpopo,139500.0,585.9,Active,,policies.csv,2026-09-03 13:30:17
POL001145,PART005,PRD010,2025-10-31,1984-10-31,M,Limpopo,99300.0,347.55,Active,,policies.csv,2026-09-03 13:30:17
POL001147,PART004,PRD007,2025-07-06,1988-07-06,F,Gauteng,159000.0,779.1,Active,,policies.csv,2026-09-03 13:30:17
POL001148,PART001,PRD001,2025-12-14,1972-12-14,F,Gauteng,51100.0,245.28,Active,,policies.csv,2026-09-03 13:30:17
POL001149,PART004,PRD008,2025-09-20,1999-09-20,F,Western Cape,50000.0,79.33,Lapsed,2025-12-20,policies.csv,2026-09-03 13:30:17
POL001150,PART005,PRD009,2025-09-29,1989-09-29,F,KwaZulu-Natal,92200.0,387.24,Active,,policies.csv,2026-09-03 13:30:17
POL001151,PART004,PRD007,2026-04-16,2003-04-16,M,Mpumalanga,156600.0,767.34,Active,,policies.csv,2026-09-03 13:30:17
POL001152,PART001,PRD001,2026-04-12,1996-04-12,F,Gauteng,61800.0,296.64,Active,,policies.csv,2026-09-03 13:30:17
POL001153,PART002,PRD003,2026-02-06,2000-02-06,F,Western Cape,25000.0,44.5,Active,,policies.csv,2026-09-03 13:30:17
POL001154,PART003,PRD005,2026-04-27,1988-04-27,M,KwaZulu-Natal,82200.0,452.1,Active,,policies.csv,2026-09-03 13:30:17
POL001155,PART001,PRD002,2026-03-01,1975-03-01,F,Gauteng,91800.0,569.16,Active,,policies.csv,2026-09-03 13:30:17
POL001156,PART001,PRD001,2025-08-19,1993-08-19,M,Western Cape,62000.0,297.6,Active,,policies.csv,2026-09-03 13:30:17
POL001157,PART004,PRD007,2026-02-11,1966-02-11,M,Western Cape,180600.0,884.94,Active,,policies.csv,2026-09-03 13:30:17
POL001158,PART005,PRD010,2026-02-26,1987-02-26,F,Gauteng,85600.0,299.6,Active,,policies.csv,2026-09-03 13:30:17
POL001159,PART002,PRD004,2025-10-28,1975-10-28,F,Gauteng,100000.0,149.0,Active,,policies.csv,2026-09-03 13:30:17
POL001160,PART004,PRD007,2026-01-08,1969-01-08,F,Gauteng,105200.0,515.48,Active,,policies.csv,2026-09-03 13:30:17
POL001161,PART002,PRD003,2025-09-30,1983-09-30,F,Western Cape,25000.0,44.5,Lapsed,2026-05-28,policies.csv,2026-09-03 13:30:17
POL001162,PART004,PRD007,2026-04-15,1997-04-15,F,Limpopo,104200.0,510.58,Active,,policies.csv,2026-09-03 13:30:17
POL001163,PART004,PRD008,2026-04-12,1987-04-12,M,Gauteng,25000.0,39.67,Active,,policies.csv,2026-09-03 13:30:17
POL001164,PART003,PRD005,2025-11-24,1962-11-24,F,KwaZulu-Natal,42600.0,234.3,Active,,policies.csv,2026-09-03 13:30:17
POL001165,PART003,PRD006,2026-01-26,1987-01-26,F,Western Cape,71100.0,469.26,Active,,policies.csv,2026-09-03 13:30:17
POL001166,PART002,PRD003,,1963-03-07,M,Western Cape,25000.0,44.5,Active,,policies.csv,2026-09-03 13:30:17
POL001167,PART005,PRD010,2025-07-08,2000-07-08,M,Western Cape,90500.0,316.75,Active,,policies.csv,2026-09-03 13:30:17
POL001168,PART003,PRD005,2026-01-04,1974-01-04,F,North West,41100.0,226.05,Active,,policies.csv,2026-09-03 13:30:17
POL001169,PART001,PRD002,2025-12-21,1997-12-21,M,Limpopo,42800.0,265.36,Active,,policies.csv,2026-09-03 13:30:17
POL001170,PART002,PRD004,2026-03-03,1965-03-03,M,Mpumalanga,50000.0,74.5,Active,,policies.csv,2026-09-03 13:30:17
POL001171,PART004,PRD007,2025-07-18,1961-07-18,M,Eastern Cape,78500.0,384.65,Active,,policies.csv,2026-09-03 13:30:17
POL001172,PART005,PRD009,2025-08-30,1998-08-30,M,Gauteng,117100.0,491.82,Active,,policies.csv,2026-09-03 13:30:17
POL001173,PART003,PRD006,2025-09-01,1971-09-01,F,Gauteng,143100.0,944.46,Active,,policies.csv,2026-09-03 13:30:17
POL001174,PART001,PRD002,2025-10-30,1966-10-30,F,Limpopo,97100.0,602.02,Active,,policies.csv,2026-09-03 13:30:17
POL001175,PART005,PRD009,2025-07-15,1997-07-15,M,Free State,180800.0,759.36,Active,,policies.csv,2026-09-03 13:30:17
POL001176,PART002,PRD003,2025-12-20,1998-12-20,F,Limpopo,25000.0,44.5,Active,,policies.csv,2026-09-03 13:30:17
POL001177,PART005,PRD010,2025-11-01,1972-11-01,F,KwaZulu-Natal,240100.0,840.35,Active,,policies.csv,2026-09-03 13:30:17
POL001178,PART001,PRD001,2026-03-17,1977-03-17,F,Mpumalanga,73600.0,353.28,Cancelled,2026-05-17,policies.csv,2026-09-03 13:30:17
POL001179,PART002,PRD003,2025-08-27,1993-08-27,F,Western Cape,75000.0,133.5,Active,,policies.csv,2026-09-03 13:30:17
POL001180,PART003,PRD005,2026-04-25,1999-04-25,F,KwaZulu-Natal,56500.0,310.75,Active,,policies.csv,2026-09-03 13:30:17
POL001181,PART005,PRD009,2026-04-27,2004-04-27,M,North West,224900.0,944.58,Active,,policies.csv,2026-09-03 13:30:17
POL001182,PART001,PRD001,2025-12-21,1993-12-21,F,Mpumalanga,27100.0,130.08,Active,,policies.csv,2026-09-03 13:30:17
POL001183,PART001,PRD002,2025-08-05,1994-08-05,F,Western Cape,80800.0,500.96,Active,,policies.csv,2026-09-03 13:30:17
POL001184,PART004,PRD008,2025-11-23,1994-11-23,F,Eastern Cape,50000.0,79.33,Cancelled,2026-02-23,policies.csv,2026-09-03 13:30:17
POL001185,PART004,PRD008,2025-09-03,1978-09-03,F,Limpopo,25000.0,39.67,Lapsed,2026-04-03,policies.csv,2026-09-03 13:30:17
POL001186,PART004,PRD007,2025-09-07,1975-09-07,M,KwaZulu-Natal,118000.0,578.2,Active,,policies.csv,2026-09-03 13:30:17
POL001187,PART003,PRD006,2025-07-31,1982-07-31,F,Eastern Cape,167100.0,1102.86,Active,,policies.csv,2026-09-03 13:30:17
POL001188,PART004,PRD008,2026-02-21,1997-02-21,F,KwaZulu-Natal,50000.0,79.33,Active,,policies.csv,2026-09-03 13:30:17
POL001189,PART001,PRD002,2026-02-15,1986-02-15,M,Gauteng,46300.0,287.06,Lapsed,2026-06-30,policies.csv,2026-09-03 13:30:17
POL001190,PART005,PRD010,2026-03-02,2000-03-02,F,Mpumalanga,181700.0,635.95,Active,,policies.csv,2026-09-03 13:30:17
POL001191,PART004,PRD007,2026-01-03,1992-01-03,F,Gauteng,88000.0,431.2,Lapsed,2026-06-30,policies.csv,2026-09-03 13:30:17
POL001192,PART005,PRD010,2026-03-19,1996-03-19,F,Western Cape,85500.0,299.25,Active,,policies.csv,2026-09-03 13:30:17
POL001193,PART002,PRD003,2025-09-02,1976-09-02,F,Free State,100000.0,178.0,Lapsed,2025-12-02,policies.csv,2026-09-03 13:30:17
POL001194,PART004,PRD007,2025-07-08,1963-07-08,M,Western Cape,157700.0,772.73,Active,,policies.csv,2026-09-03 13:30:17
POL001195,PART001,PRD001,2026-03-24,1988-03-24,F,Gauteng,72200.0,346.56,Active,,policies.csv,2026-09-03 13:30:17
POL001196,PART002,PRD004,2025-09-23,1965-09-23,M,Western Cape,25000.0,37.25,Lapsed,2026-03-23,policies.csv,2026-09-03 13:30:17
POL001197,PART002,PRD004,2026-02-25,1975-02-25,F,Free State,50000.0,74.5,Active,,policies.csv,2026-09-03 13:30:17
POL001198,PART001,PRD002,2025-12-27,1995-12-27,M,KwaZulu-Natal,79800.0,494.76,Lapsed,2026-03-27,policies.csv,2026-09-03 13:30:17
POL001199,PART004,PRD008,2026-02-13,1987-02-13,M,Gauteng,75000.0,119.0,Active,,policies.csv,2026-09-03 13:30:17
POL001200,PART001,PRD002,2025-11-23,2001-11-23,M,Gauteng,77700.0,481.74,Active,,policies.csv,2026-09-03 13:30:17
POL001201,PART002,PRD003,2025-08-27,1994-08-27,M,KwaZulu-Natal,50000.0,89.0,Active,,policies.csv,2026-09-03 13:30:17
POL001202,PART005,PRD010,2025-10-12,1986-10-12,F,Gauteng,238400.0,834.4,Active,,policies.csv,2026-09-03 13:30:17
POL001203,PART003,PRD005,2026-01-22,1972-01-22,F,Mpumalanga,25500.0,140.25,Active,,policies.csv,2026-09-03 13:30:17
POL001204,PART004,PRD008,2025-10-22,1974-10-22,M,Mpumalanga,50000.0,79.33,Active,,policies.csv,2026-09-03 13:30:17
POL001205,PART004,PRD007,2025-12-09,1962-12-09,F,North West,63100.0,309.19,Active,,policies.csv,2026-09-03 13:30:17
POL001206,PART005,PRD009,2025-08-19,1994-08-19,M,Gauteng,224800.0,944.16,Active,,policies.csv,2026-09-03 13:30:17
POL001207,PART002,PRD004,2026-04-18,2001-04-18,M,KwaZulu-Natal,25000.0,37.25,Active,,policies.csv,2026-09-03 13:30:17
POL001208,PART001,PRD001,2025-08-13,1995-08-13,F,Western Cape,69700.0,334.56,Active,,policies.csv,2026-09-03 13:30:17
POL001209,PART001,PRD002,2026-01-13,1997-01-13,M,Western Cape,125200.0,776.24,Active,,policies.csv,2026-09-03 13:30:17
POL001210,PART005,PRD010,2025-10-17,1967-10-17,M,Limpopo,163700.0,572.95,Active,,policies.csv,2026-09-03 13:30:17
POL001211,PART002,PRD003,2026-01-15,1964-01-15,F,Western Cape,100000.0,178.0,Lapsed,2026-06-15,policies.csv,2026-09-03 13:30:17
POL001212,PART003,PRD006,2026-04-08,1991-04-08,F,Limpopo,58100.0,383.46,Active,,policies.csv,2026-09-03 13:30:17
POL001213,PART002,PRD004,2025-09-15,1976-09-15,M,Mpumalanga,50000.0,74.5,Active,,policies.csv,2026-09-03 13:30:17
POL001214,PART004,PRD007,2025-08-17,1999-08-17,F,Mpumalanga,59200.0,290.08,Active,,policies.csv,2026-09-03 13:30:17
POL001215,PART004,PRD007,2025-08-25,1967-08-25,M,Gauteng,174600.0,855.54,Active,,policies.csv,2026-09-03 13:30:17
POL001216,PART003,PRD005,2025-11-27,1969-11-27,F,Free State,56100.0,308.55,Active,,policies.csv,2026-09-03 13:30:17
POL001217,PART004,PRD008,2026-04-15,1984-04-15,M,KwaZulu-Natal,25000.0,39.67,Active,,policies.csv,2026-09-03 13:30:17
POL001218,PART001,PRD001,2025-08-13,2003-08-13,M,Western Cape,41200.0,197.76,Active,,policies.csv,2026-09-03 13:30:17
POL001219,PART002,PRD003,2025-12-14,1999-12-14,M,Gauteng,25000.0,44.5,Active,,policies.csv,2026-09-03 13:30:17
POL001220,PART003,PRD006,2026-02-05,1962-02-05,M,Mpumalanga,184100.0,1215.06,Active,,policies.csv,2026-09-03 13:30:17
POL001221,PART004,PRD008,2025-07-23,1971-07-23,M,Western Cape,100000.0,158.67,Active,,policies.csv,2026-09-03 13:30:17
POL001222,PART004,PRD008,2025-11-01,1985-11-01,M,Western Cape,25000.0,39.67,Active,,policies.csv,2026-09-03 13:30:17
POL001223,PART004,PRD007,2025-12-28,1980-12-28,F,Eastern Cape,182700.0,895.23,Active,,policies.csv,2026-09-03 13:30:17
POL001224,PART003,PRD005,2025-07-06,1966-07-06,M,Gauteng,45300.0,249.15,Active,,policies.csv,2026-09-03 13:30:17
POL001225,PART003,PRD006,2026-02-24,1981-02-24,M,North West,99500.0,656.7,Active,,policies.csv,2026-09-03 13:30:17
POL001226,PART004,PRD008,2026-03-13,1968-03-13,F,KwaZulu-Natal,75000.0,119.0,Active,,policies.csv,2026-09-03 13:30:17
POL001227,PART002,PRD003,2025-12-04,1963-12-04,F,Eastern Cape,50000.0,89.0,Active,,policies.csv,2026-09-03 13:30:17
POL001228,PART002,PRD003,2025-11-11,1974-11-11,M,North West,100000.0,178.0,Active,,policies.csv,2026-09-03 13:30:17
POL001229,PART004,PRD007,2025-12-12,1996-12-12,F,North West,53400.0,261.66,Active,,policies.csv,2026-09-03 13:30:17
POL001230,PART001,PRD001,2025-08-04,2001-08-04,F,Mpumalanga,20100.0,96.48,Active,,policies.csv,2026-09-03 13:30:17
POL001231,PART002,PRD003,2026-01-17,1977-01-17,F,North West,75000.0,133.5,Active,,policies.csv,2026-09-03 13:30:17
POL001232,PART005,PRD010,2026-02-25,1979-02-25,F,Western Cape,203100.0,710.85,Active,,policies.csv,2026-09-03 13:30:17
POL001233,PART005,PRD009,2026-02-19,2000-02-19,M,Gauteng,87600.0,367.92,Active,,policies.csv,2026-09-03 13:30:17
POL001234,PART001,PRD001,2026-03-29,1989-03-29,M,Gauteng,46300.0,222.24,Active,,policies.csv,2026-09-03 13:30:17
POL001235,PART003,PRD006,2025-10-28,1994-10-28,F,North West,165000.0,1089.0,Active,,policies.csv,2026-09-03 13:30:17
POL001236,PART005,PRD009,2026-02-23,1971-02-23,M,Western Cape,174600.0,733.32,Cancelled,2026-06-23,policies.csv,2026-09-03 13:30:17
POL001237,PART005,PRD009,2025-11-09,1990-11-09,M,Mpumalanga,286300.0,1202.46,Active,,policies.csv,2026-09-03 13:30:17
POL001238,PART001,PRD001,2025-09-25,1987-09-25,F,KwaZulu-Natal,32700.0,156.96,Active,,policies.csv,2026-09-03 13:30:17
POL001239,PART005,PRD009,2026-04-09,1995-04-09,M,Gauteng,253700.0,1065.54,Active,,policies.csv,2026-09-03 13:30:17
POL001240,PART004,PRD008,2026-03-11,1965-03-11,M,Gauteng,50000.0,79.33,Active,,policies.csv,2026-09-03 13:30:17
POL001241,PART004,PRD007,2026-04-19,1962-04-19,F,Gauteng,164600.0,806.54,Active,,policies.csv,2026-09-03 13:30:17
POL001242,PART002,PRD003,2025-07-18,1987-07-18,M,Western Cape,75000.0,133.5,Active,,policies.csv,2026-09-03 13:30:17
POL001243,PART001,PRD002,2026-03-20,1985-03-20,M,Eastern Cape,124700.0,773.14,Active,,policies.csv,2026-09-03 13:30:17
POL001244,PART002,PRD003,2025-07-12,1968-07-12,F,Western Cape,25000.0,44.5,Active,,policies.csv,2026-09-03 13:30:17
POL001245,PART001,PRD001,2025-11-10,1971-11-10,F,Western Cape,47200.0,226.56,Lapsed,2026-02-10,policies.csv,2026-09-03 13:30:17
POL001246,PART003,PRD005,2026-04-24,2002-04-24,F,Free State,56500.0,310.75,Active,,policies.csv,2026-09-03 13:30:17
POL001247,PART001,PRD002,2025-11-21,2003-11-21,M,KwaZulu-Natal,41400.0,256.68,Active,,policies.csv,2026-09-03 13:30:17
POL001248,PART001,PRD002,2025-07-02,1974-07-02,F,Western Cape,97200.0,602.64,Lapsed,2026-01-02,policies.csv,2026-09-03 13:30:17
POL001249,PART004,PRD008,2025-09-28,1963-09-28,M,Gauteng,100000.0,158.67,Active,,policies.csv,2026-09-03 13:30:17
POL001250,PART001,PRD002,2026-01-27,1986-01-27,M,Western Cape,84000.0,520.8,Lapsed,2026-06-27,policies.csv,2026-09-03 13:30:17
POL001251,PART001,PRD002,2025-09-26,1963-09-26,F,Mpumalanga,128300.0,795.46,Active,,policies.csv,2026-09-03 13:30:17
POL001252,PART005,PRD009,2025-11-22,2001-11-22,F,Gauteng,235400.0,988.68,Lapsed,2026-05-22,policies.csv,2026-09-03 13:30:17
POL001253,PART002,PRD004,2025-07-24,1999-07-24,M,Gauteng,25000.0,37.25,Active,,policies.csv,2026-09-03 13:30:17
POL001254,PART001,PRD001,2026-01-07,1966-01-07,M,Mpumalanga,22300.0,107.04,Active,,policies.csv,2026-09-03 13:30:17
POL001255,PART001,PRD002,2026-03-19,1965-03-19,M,Gauteng,104800.0,649.76,Active,,policies.csv,2026-09-03 13:30:17
POL001256,PART003,PRD006,2025-07-06,1971-07-06,F,Gauteng,58900.0,388.74,Lapsed,2025-12-06,policies.csv,2026-09-03 13:30:17
POL001257,PART002,PRD003,2025-07-18,1976-07-18,F,Western Cape,75000.0,133.5,Active,,policies.csv,2026-09-03 13:30:17
POL001258,PART002,PRD003,2025-12-08,2000-12-08,F,Western Cape,50000.0,89.0,Active,,policies.csv,2026-09-03 13:30:17
POL001259,PART002,PRD004,2025-07-04,1980-07-04,M,Mpumalanga,25000.0,37.25,Lapsed,2026-02-04,policies.csv,2026-09-03 13:30:17
POL001260,PART002,PRD004,2025-12-02,1998-12-02,M,Limpopo,50000.0,74.5,Active,,policies.csv,2026-09-03 13:30:17
POL001261,PART002,PRD999,2025-09-01,1963-09-01,F,Limpopo,75000.0,111.75,Cancelled,2026-03-01,policies.csv,2026-09-03 13:30:17
POL001262,PART005,PRD009,2026-02-05,1988-02-05,M,KwaZulu-Natal,178000.0,747.6,Active,,policies.csv,2026-09-03 13:30:17
POL001263,PART003,PRD005,2026-03-04,1999-03-04,F,Gauteng,47800.0,262.9,Active,,policies.csv,2026-09-03 13:30:17
POL001264,PART004,PRD007,2026-01-24,2000-01-24,F,Gauteng,194700.0,954.03,Active,,policies.csv,2026-09-03 13:30:17
POL001265,PART003,PRD005,2025-11-16,2000-11-16,F,Free State,57500.0,316.25,Active,,policies.csv,2026-09-03 13:30:17
POL001266,PART002,PRD003,2025-08-16,1977-08-16,M,Western Cape,75000.0,133.5,Active,,policies.csv,2026-09-03 13:30:17
POL001267,PART004,PRD007,2025-12-18,2002-12-18,M,Western Cape,129500.0,634.55,Active,,policies.csv,2026-09-03 13:30:17
POL001268,PART004,PRD007,2025-08-02,2004-08-02,M,Gauteng,68800.0,337.12,Lapsed,2026-03-02,policies.csv,2026-09-03 13:30:17
POL001269,PART002,PRD004,2026-04-13,2006-04-13,F,Limpopo,50000.0,74.5,Active,,policies.csv,2026-09-03 13:30:17
POL001270,PART004,PRD007,2025-09-30,2005-09-30,F,KwaZulu-Natal,95000.0,465.5,Active,,policies.csv,2026-09-03 13:30:17
POL001271,PART001,PRD001,2025-07-19,1993-07-19,M,Eastern Cape,50800.0,243.84,Lapsed,2026-02-19,policies.csv,2026-09-03 13:30:17
POL001272,PART004,PRD007,2025-12-26,1997-12-26,F,Western Cape,190400.0,932.96,Active,,policies.csv,2026-09-03 13:30:17
POL001273,PART004,PRD008,2026-03-16,1974-03-16,F,Limpopo,75000.0,119.0,Cancelled,2026-06-16,policies.csv,2026-09-03 13:30:17
POL001274,PART001,PRD002,2025-11-19,1982-11-19,M,Mpumalanga,149300.0,925.66,Active,,policies.csv,2026-09-03 13:30:17
POL001275,PART004,PRD008,2026-03-03,1983-03-03,M,Western Cape,50000.0,79.33,Active,,policies.csv,2026-09-03 13:30:17
POL001276,PART001,PRD002,2026-03-25,1989-03-25,M,Gauteng,137200.0,850.64,Active,,policies.csv,2026-09-03 13:30:17
POL001277,PART002,PRD003,2026-02-03,1994-02-03,M,North West,75000.0,133.5,Active,,policies.csv,2026-09-03 13:30:17
POL001278,PART002,PRD003,2026-04-21,2005-04-21,M,North West,75000.0,133.5,Active,,policies.csv,2026-09-03 13:30:17
POL001279,PART005,PRD009,2025-11-15,1966-11-15,F,Eastern Cape,80100.0,336.42,Active,,policies.csv,2026-09-03 13:30:17
POL001280,PART001,PRD001,2025-07-23,2000-07-23,F,Gauteng,72100.0,346.08,Active,,policies.csv,2026-09-03 13:30:17
POL001281,PART004,PRD008,2026-01-09,1987-01-09,F,KwaZulu-Natal,75000.0,119.0,Active,,policies.csv,2026-09-03 13:30:17
POL001282,PART002,PRD004,2025-08-03,1992-08-03,M,KwaZulu-Natal,100000.0,149.0,Active,,policies.csv,2026-09-03 13:30:17
POL001283,PART004,PRD007,2025-12-08,2000-12-08,F,Western Cape,158300.0,775.67,Active,,policies.csv,2026-09-03 13:30:17
POL001284,PART005,PRD009,2026-04-05,1986-04-05,F,North West,227600.0,955.92,Active,,policies.csv,2026-09-03 13:30:17
POL001285,PART005,PRD010,2026-03-28,1993-03-28,F,KwaZulu-Natal,105100.0,367.85,Active,,policies.csv,2026-09-03 13:30:17
POL001286,PART004,PRD008,2025-07-20,1964-07-20,F,KwaZulu-Natal,50000.0,79.33,Active,,policies.csv,2026-09-03 13:30:17
POL001287,PART005,PRD009,2026-04-24,1991-04-24,F,Gauteng,277500.0,1165.5,Active,,policies.csv,2026-09-03 13:30:17
POL001288,PART002,PRD003,2025-07-09,1978-07-09,M,Gauteng,100000.0,178.0,Active,,policies.csv,2026-09-03 13:30:17
POL001289,PART003,PRD006,2026-03-11,1992-03-11,M,Gauteng,175500.0,1158.3,Cancelled,2026-06-30,policies.csv,2026-09-03 13:30:17
POL001290,PART004,PRD008,2025-07-28,1968-07-28,F,Western Cape,75000.0,119.0,Active,,policies.csv,2026-09-03 13:30:17
POL001291,PART004,PRD007,2025-10-25,1982-10-25,M,Gauteng,173200.0,848.68,Active,,policies.csv,2026-09-03 13:30:17
POL001292,PART001,PRD002,2026-02-27,1994-02-27,F,Gauteng,97200.0,602.64,Active,,policies.csv,2026-09-03 13:30:17
POL001293,PART004,PRD008,2026-04-09,1988-04-09,M,KwaZulu-Natal,100000.0,158.67,Active,,policies.csv,2026-09-03 13:30:17
POL001294,PART005,PRD010,2026-02-08,1992-02-08,F,Western Cape,149800.0,524.3,Active,,policies.csv,2026-09-03 13:30:17
POL001295,PART005,PRD009,2026-04-11,1983-04-11,M,Gauteng,165800.0,696.36,Active,,policies.csv,2026-09-03 13:30:17
POL001296,PART001,PRD002,2025-08-21,1978-08-21,M,North West,111800.0,693.16,Active,,policies.csv,2026-09-03 13:30:17
POL001297,PART001,PRD001,2026-04-13,1999-04-13,F,Western Cape,56400.0,270.72,Active,,policies.csv,2026-09-03 13:30:17
POL001298,PART001,PRD002,2026-01-13,2003-01-13,M,Western Cape,111500.0,691.3,Active,,policies.csv,2026-09-03 13:30:17
POL001299,PART001,PRD002,2025-09-29,1987-09-29,M,KwaZulu-Natal,121300.0,752.06,Active,,policies.csv,2026-09-03 13:30:17
POL001300,PART002,PRD003,2025-07-30,1988-07-30,F,KwaZulu-Natal,100000.0,178.0,Active,,policies.csv,2026-09-03 13:30:17
POL001301,PART005,PRD009,2026-04-06,1962-04-06,M,Gauteng,137200.0,576.24,Active,,policies.csv,2026-09-03 13:30:17
POL001302,PART002,PRD003,2026-01-25,1986-01-25,F,Western Cape,100000.0,178.0,Active,,policies.csv,2026-09-03 13:30:17
POL001303,PART003,PRD006,2025-11-19,1972-11-19,M,Western Cape,152400.0,1005.84,Active,,policies.csv,2026-09-03 13:30:17
POL001304,PART004,PRD007,2025-08-05,1981-08-05,M,Limpopo,119700.0,586.53,Active,,policies.csv,2026-09-03 13:30:17
POL001305,PART002,PRD004,2026-02-15,1996-02-15,M,Gauteng,50000.0,74.5,Active,,policies.csv,2026-09-03 13:30:17
POL001306,PART004,PRD008,2025-08-04,1982-08-04,F,Gauteng,100000.0,158.67,Lapsed,2026-02-04,policies.csv,2026-09-03 13:30:17
POL001307,PART004,PRD007,2026-01-15,1965-01-15,M,Mpumalanga,88800.0,435.12,Active,,policies.csv,2026-09-03 13:30:17
POL001308,PART004,PRD007,2025-11-03,2005-11-03,F,Western Cape,55100.0,269.99,Active,,policies.csv,2026-09-03 13:30:17
POL001309,PART003,PRD005,2026-02-25,1988-02-25,F,Gauteng,79400.0,436.7,Active,,policies.csv,2026-09-03 13:30:17
POL001310,PART003,PRD005,2025-10-31,1961-10-31,F,Gauteng,79800.0,438.9,Active,,policies.csv,2026-09-03 13:30:17
POL001311,PART001,PRD002,2025-10-17,1997-10-17,M,Gauteng,119400.0,740.28,Lapsed,2026-03-17,policies.csv,2026-09-03 13:30:17
POL001312,PART002,PRD004,2026-04-02,1979-04-02,F,Limpopo,50000.0,74.5,Active,,policies.csv,2026-09-03 13:30:17
POL001313,PART002,PRD004,2025-10-05,2004-10-05,M,KwaZulu-Natal,50000.0,74.5,Active,,policies.csv,2026-09-03 13:30:17
POL001314,PART001,PRD001,2025-09-13,1984-09-13,F,Eastern Cape,73000.0,350.4,Lapsed,2026-05-13,policies.csv,2026-09-03 13:30:17
POL001315,PART002,PRD003,2026-04-20,1998-04-20,M,Gauteng,50000.0,89.0,Active,,policies.csv,2026-09-03 13:30:17
POL001316,PART002,PRD004,2025-10-28,1989-10-28,M,Gauteng,75000.0,111.75,Active,,policies.csv,2026-09-03 13:30:17
POL001317,PART003,PRD005,2025-11-12,2005-11-12,F,Limpopo,87800.0,482.9,Active,,policies.csv,2026-09-03 13:30:17
POL001318,PART001,PRD002,2025-12-29,1991-12-29,F,Western Cape,73100.0,453.22,Active,,policies.csv,2026-09-03 13:30:17
POL001319,PART004,PRD007,2025-10-31,1966-10-31,F,Gauteng,91900.0,450.31,Active,,policies.csv,2026-09-03 13:30:17
POL001320,PART003,PRD005,2025-07-14,2000-07-14,M,Western Cape,52300.0,287.65,Active,,policies.csv,2026-09-03 13:30:17
POL001321,PART005,PRD009,2025-07-06,1982-07-06,F,Gauteng,170200.0,714.84,Active,,policies.csv,2026-09-03 13:30:17
POL001322,PART001,PRD002,2025-12-09,1978-12-09,M,Limpopo,130600.0,809.72,Active,,policies.csv,2026-09-03 13:30:17
POL001324,PART004,PRD007,2026-02-20,1969-02-20,M,Gauteng,127900.0,626.71,Active,,policies.csv,2026-09-03 13:30:17
POL001325,PART002,PRD003,2025-08-07,1982-08-07,M,KwaZulu-Natal,50000.0,89.0,Active,,policies.csv,2026-09-03 13:30:17
POL001326,PART001,PRD001,2025-10-06,1986-10-06,M,Gauteng,41700.0,200.16,Active,,policies.csv,2026-09-03 13:30:17
POL001327,PART002,PRD003,2025-11-16,1999-11-16,M,Gauteng,100000.0,178.0,Active,,policies.csv,2026-09-03 13:30:17
POL001328,PART003,PRD005,2025-07-06,1979-07-06,M,Gauteng,76700.0,421.85,Active,,policies.csv,2026-09-03 13:30:17
POL001329,PART004,PRD008,2025-07-21,1970-07-21,M,Gauteng,100000.0,158.67,Active,,policies.csv,2026-09-03 13:30:17
POL001330,PART002,PRD003,2026-01-10,2005-01-10,M,Gauteng,50000.0,89.0,Active,,policies.csv,2026-09-03 13:30:17
POL001331,PART002,PRD003,2026-04-21,1985-04-21,F,KwaZulu-Natal,25000.0,44.5,Active,,policies.csv,2026-09-03 13:30:17
POL001332,PART002,PRD004,2026-04-14,2006-04-14,M,KwaZulu-Natal,50000.0,74.5,Active,,policies.csv,2026-09-03 13:30:17
POL001333,PART005,PRD010,2026-02-08,1980-02-08,F,Gauteng,233000.0,815.5,Active,,policies.csv,2026-09-03 13:30:17
POL001334,PART005,PRD009,2025-10-08,1995-10-08,F,Western Cape,133700.0,561.54,Active,,policies.csv,2026-09-03 13:30:17
POL001335,PART004,PRD007,2025-10-30,1985-10-30,F,Western Cape,149200.0,731.08,Active,,policies.csv,2026-09-03 13:30:17
POL001336,PART001,PRD002,2026-02-20,1976-02-20,M,KwaZulu-Natal,97300.0,603.26,Active,,policies.csv,2026-09-03 13:30:17
POL001337,PART004,PRD008,2025-12-28,1982-12-28,M,Gauteng,25000.0,39.67,Active,,policies.csv,2026-09-03 13:30:17
POL001338,PART002,PRD003,2025-07-28,2005-07-28,M,KwaZulu-Natal,100000.0,178.0,Active,,policies.csv,2026-09-03 13:30:17
POL001339,PART001,PRD001,2025-08-08,1970-08-08,F,Gauteng,54100.0,259.68,Active,,policies.csv,2026-09-03 13:30:17
POL001340,PART005,PRD009,2025-11-17,1976-11-17,F,Limpopo,197500.0,829.5,Active,,policies.csv,2026-09-03 13:30:17
POL001341,PART001,PRD002,2025-07-03,1963-07-03,M,Limpopo,123300.0,764.46,Active,,policies.csv,2026-09-03 13:30:17
POL001342,PART001,PRD002,2025-07-18,1997-07-18,M,Western Cape,144000.0,892.8,Active,,policies.csv,2026-09-03 13:30:17
POL001343,PART004,PRD007,2026-04-26,1973-04-26,F,Mpumalanga,197600.0,968.24,Active,,policies.csv,2026-09-03 13:30:17
POL001344,PART002,PRD004,2025-09-17,1982-09-17,F,Limpopo,100000.0,149.0,Active,,policies.csv,2026-09-03 13:30:17
POL001345,PART004,PRD007,2025-12-19,1970-12-19,M,Western Cape,56500.0,276.85,Active,,policies.csv,2026-09-03 13:30:17
POL001346,PART004,PRD007,2026-02-26,1977-02-26,M,Western Cape,151900.0,744.31,Active,,policies.csv,2026-09-03 13:30:17
POL001347,PART004,PRD007,2025-08-08,1999-08-08,F,Gauteng,152200.0,745.78,Lapsed,2026-03-08,policies.csv,2026-09-03 13:30:17
POL001348,PART005,PRD010,2026-04-01,1992-04-01,F,Gauteng,208600.0,730.1,Active,,policies.csv,2026-09-03 13:30:17
POL001349,PART004,PRD008,2026-03-18,1973-03-18,F,Gauteng,50000.0,79.33,Active,,policies.csv,2026-09-03 13:30:17
POL001350,PART001,PRD002,2026-01-12,1992-01-12,F,Gauteng,65500.0,406.1,Active,,policies.csv,2026-09-03 13:30:17
POL001351,PART003,PRD006,2025-11-08,2002-11-08,F,Gauteng,70300.0,463.98,Lapsed,2026-03-08,policies.csv,2026-09-03 13:30:17
POL001352,PART005,PRD010,2026-04-20,1981-04-20,F,Free State,180800.0,632.8,Active,,policies.csv,2026-09-03 13:30:17
POL001353,PART002,PRD004,2026-04-02,1976-04-02,F,Limpopo,100000.0,149.0,Active,,policies.csv,2026-09-03 13:30:17
POL001354,PART001,PRD001,2026-04-17,2004-04-17,M,Gauteng,60400.0,289.92,Active,,policies.csv,2026-09-03 13:30:17
POL001355,PART001,PRD001,2025-11-27,1996-11-27,M,KwaZulu-Natal,66300.0,318.24,Active,,policies.csv,2026-09-03 13:30:17
POL001356,PART004,PRD008,2025-12-05,1968-12-05,M,Mpumalanga,25000.0,39.67,Active,,policies.csv,2026-09-03 13:30:17
POL001357,PART003,PRD006,2025-10-22,1991-10-22,M,KwaZulu-Natal,110700.0,730.62,Active,,policies.csv,2026-09-03 13:30:17
POL001358,PART005,PRD010,2025-07-11,1990-07-11,F,Limpopo,160200.0,560.7,Lapsed,2026-02-11,policies.csv,2026-09-03 13:30:17
POL001359,PART005,PRD009,2025-10-22,1968-10-22,M,Mpumalanga,148000.0,621.6,Active,,policies.csv,2026-09-03 13:30:17
POL001360,PART005,PRD009,2025-10-06,1969-10-06,M,KwaZulu-Natal,170700.0,716.94,Active,,policies.csv,2026-09-03 13:30:17
POL001361,PART003,PRD006,2026-03-05,2000-03-05,M,Gauteng,82400.0,543.84,Active,,policies.csv,2026-09-03 13:30:17
POL001362,PART002,PRD004,2025-07-13,2002-07-13,M,Gauteng,25000.0,37.25,Active,,policies.csv,2026-09-03 13:30:17
POL001363,PART002,PRD004,2026-01-06,1981-01-06,M,Gauteng,100000.0,149.0,Active,,policies.csv,2026-09-03 13:30:17
POL001364,PART002,PRD003,2025-08-19,1999-08-19,F,Western Cape,25000.0,44.5,Active,,policies.csv,2026-09-03 13:30:17
POL001365,PART001,PRD002,2026-04-24,1968-04-24,F,Mpumalanga,97600.0,605.12,Active,,policies.csv,2026-09-03 13:30:17
POL001366,PART005,PRD010,2026-04-23,1967-04-23,M,Gauteng,235700.0,824.95,Active,,policies.csv,2026-09-03 13:30:17
POL001367,PART004,PRD007,2025-07-05,1963-07-05,F,KwaZulu-Natal,116900.0,572.81,Active,,policies.csv,2026-09-03 13:30:17
POL001368,PART002,PRD004,2025-11-26,1973-11-26,F,Gauteng,75000.0,111.75,Lapsed,2026-06-26,policies.csv,2026-09-03 13:30:17
POL001369,PART002,PRD003,2026-04-24,1984-04-24,F,Free State,50000.0,89.0,Active,,policies.csv,2026-09-03 13:30:17
POL001370,PART001,PRD002,2025-12-31,1986-12-31,M,Western Cape,123000.0,762.6,Active,,policies.csv,2026-09-03 13:30:17
POL001371,PART003,PRD005,2026-02-06,2001-02-06,M,KwaZulu-Natal,56500.0,310.75,Active,,policies.csv,2026-09-03 13:30:17
POL001372,PART002,PRD003,2025-12-20,1963-12-20,M,Gauteng,50000.0,89.0,Active,,policies.csv,2026-09-03 13:30:17
POL001373,PART004,PRD007,2026-02-07,1998-02-07,F,Gauteng,54900.0,269.01,Active,,policies.csv,2026-09-03 13:30:17
POL001374,PART004,PRD008,2026-03-12,1998-03-12,M,Gauteng,50000.0,79.33,Active,,policies.csv,2026-09-03 13:30:17
POL001375,PART001,PRD002,2025-11-16,1993-11-16,M,Gauteng,116200.0,720.44,Active,,policies.csv,2026-09-03 13:30:17
POL001376,PART003,PRD006,2025-12-22,1976-12-22,F,Gauteng,68800.0,454.08,Active,,policies.csv,2026-09-03 13:30:17
POL001377,PART004,PRD008,2025-09-20,1966-09-20,M,KwaZulu-Natal,75000.0,119.0,Lapsed,2026-01-20,policies.csv,2026-09-03 13:30:17
POL001378,PART002,PRD003,2025-08-20,1984-08-20,F,Gauteng,50000.0,89.0,Active,,policies.csv,2026-09-03 13:30:17
POL001379,PART001,PRD001,2025-12-05,1986-12-05,M,Gauteng,47900.0,229.92,Lapsed,2026-05-05,policies.csv,2026-09-03 13:30:17
POL001380,PART002,PRD003,2025-10-16,1986-10-16,M,Eastern Cape,75000.0,133.5,Active,,policies.csv,2026-09-03 13:30:17
POL001381,PART004,PRD008,2026-04-09,1991-04-09,M,Gauteng,50000.0,79.33,Active,,policies.csv,2026-09-03 13:30:17
POL001382,PART005,PRD009,2025-11-07,1987-11-07,F,Limpopo,75600.0,317.52,Active,,policies.csv,2026-09-03 13:30:17
POL001383,PART002,PRD004,2025-10-08,1990-10-08,M,Limpopo,75000.0,111.75,Active,,policies.csv,2026-09-03 13:30:17
POL001384,PART003,PRD005,2025-09-28,1964-09-28,M,Gauteng,26400.0,145.2,Active,,policies.csv,2026-09-03 13:30:17
POL001385,PART004,PRD008,2025-10-06,1974-10-06,F,Gauteng,100000.0,158.67,Active,,policies.csv,2026-09-03 13:30:17
POL001386,PART005,PRD010,2026-04-18,1977-04-18,M,Gauteng,147400.0,515.9,Active,,policies.csv,2026-09-03 13:30:17
POL001387,PART003,PRD006,2026-03-06,2002-03-06,M,Mpumalanga,90800.0,599.28,Active,,policies.csv,2026-09-03 13:30:17
POL001388,PART004,PRD008,2025-07-29,1974-07-29,M,Limpopo,25000.0,39.67,Active,,policies.csv,2026-09-03 13:30:17
POL001389,PART005,PRD010,2026-01-07,1997-01-07,M,KwaZulu-Natal,221600.0,775.6,Active,,policies.csv,2026-09-03 13:30:17
POL001390,PART002,PRD003,2026-02-06,1989-02-06,M,Gauteng,100000.0,178.0,Active,,policies.csv,2026-09-03 13:30:17
POL001391,PART003,PRD005,2025-07-03,1962-07-03,F,Eastern Cape,43300.0,238.15,Active,,policies.csv,2026-09-03 13:30:17
POL001392,PART003,PRD006,2025-08-04,1981-08-04,M,KwaZulu-Natal,114800.0,757.68,Active,,policies.csv,2026-09-03 13:30:17
POL001393,PART004,PRD007,2025-08-31,1964-08-31,F,Western Cape,116000.0,568.4,Lapsed,2026-02-28,policies.csv,2026-09-03 13:30:17
POL001394,PART002,PRD003,2025-12-21,1996-12-21,M,North West,25000.0,44.5,Active,,policies.csv,2026-09-03 13:30:17
POL001395,PART004,PRD007,2025-07-09,2003-07-09,M,Gauteng,119600.0,586.04,Active,,policies.csv,2026-09-03 13:30:17
POL001396,PART004,PRD007,2025-11-28,2000-11-28,M,Mpumalanga,59900.0,293.51,Active,,policies.csv,2026-09-03 13:30:17
POL001397,PART002,PRD004,2026-03-28,1969-03-28,F,KwaZulu-Natal,50000.0,74.5,Active,,policies.csv,2026-09-03 13:30:17
POL001398,PART005,PRD009,2026-02-26,1982-02-26,F,North West,204800.0,860.16,Active,,policies.csv,2026-09-03 13:30:17
POL001399,PART002,PRD003,2026-02-18,2005-02-18,M,KwaZulu-Natal,100000.0,178.0,Lapsed,2026-05-18,policies.csv,2026-09-03 13:30:17
POL001400,PART001,PRD002,2025-11-11,1981-11-11,M,Gauteng,107900.0,668.98,Active,,policies.csv,2026-09-03 13:30:17
POL001401,PART005,PRD010,2025-11-11,1988-11-11,M,Free State,174900.0,612.15,Active,,policies.csv,2026-09-03 13:30:17
POL001402,PART005,PRD010,2026-01-16,1973-01-16,F,North West,138200.0,483.7,Active,,policies.csv,2026-09-03 13:30:17
POL001403,PART002,PRD003,2025-11-09,1967-11-09,M,Gauteng,50000.0,89.0,Active,,policies.csv,2026-09-03 13:30:17
POL001404,PART005,PRD009,2026-01-27,1974-01-27,M,Gauteng,112300.0,471.66,Active,,policies.csv,2026-09-03 13:30:17
POL001405,PART002,PRD003,2026-01-04,1974-01-04,M,Western Cape,75000.0,133.5,Active,,policies.csv,2026-09-03 13:30:17
POL001406,PART003,PRD005,2025-12-10,1976-12-10,M,Gauteng,79700.0,438.35,Active,,policies.csv,2026-09-03 13:30:17
POL001407,PART001,PRD001,2025-09-06,1997-09-06,M,Limpopo,23100.0,110.88,Active,,policies.csv,2026-09-03 13:30:17
POL001408,PART001,PRD001,2025-12-23,1991-12-23,M,Western Cape,71600.0,343.68,Cancelled,2026-06-30,policies.csv,2026-09-03 13:30:17
POL001409,PART002,PRD003,2025-09-27,1988-09-27,M,North West,50000.0,89.0,Lapsed,2026-03-27,policies.csv,2026-09-03 13:30:17
POL001410,PART002,PRD004,2025-07-28,1978-07-28,F,North West,25000.0,37.25,Active,,policies.csv,2026-09-03 13:30:17
POL001411,PART001,PRD001,2026-01-06,1963-01-06,F,Limpopo,65900.0,316.32,Active,,policies.csv,2026-09-03 13:30:17
POL001412,PART005,PRD009,2026-01-28,1967-01-28,M,Western Cape,96000.0,403.2,Active,,policies.csv,2026-09-03 13:30:17
POL001413,PART004,PRD007,2025-11-30,2004-11-30,F,North West,156700.0,767.83,Active,,policies.csv,2026-09-03 13:30:17
POL001414,PART002,PRD003,2025-07-19,1991-07-19,F,Western Cape,100000.0,178.0,Active,,policies.csv,2026-09-03 13:30:17
POL001415,PART001,PRD001,2025-11-15,2003-11-15,M,Mpumalanga,34100.0,163.68,Active,,policies.csv,2026-09-03 13:30:17
POL001416,PART001,PRD001,2025-09-15,1983-09-15,M,KwaZulu-Natal,27600.0,132.48,Active,,policies.csv,2026-09-03 13:30:17
POL001417,PART002,PRD003,2026-02-22,1995-02-22,F,Free State,100000.0,178.0,Active,,policies.csv,2026-09-03 13:30:17
POL001418,PART003,PRD006,2026-04-10,1974-04-10,M,Limpopo,92400.0,609.84,Active,,policies.csv,2026-09-03 13:30:17
POL001419,PART005,PRD009,2025-12-14,1988-12-14,M,Gauteng,233100.0,979.02,Active,,policies.csv,2026-09-03 13:30:17
POL001420,PART003,PRD006,2025-09-23,2005-09-23,F,Gauteng,172100.0,1135.86,Active,,policies.csv,2026-09-03 13:30:17
POL001421,PART001,PRD001,2026-04-14,1973-04-14,F,Mpumalanga,67800.0,325.44,Active,,policies.csv,2026-09-03 13:30:17
POL001422,PART001,PRD002,2025-11-11,1992-11-11,M,Gauteng,101500.0,629.3,Lapsed,2026-01-11,policies.csv,2026-09-03 13:30:17
POL001423,PART002,PRD004,2025-10-31,1991-10-31,M,Gauteng,75000.0,111.75,Active,,policies.csv,2026-09-03 13:30:17
POL001424,PART004,PRD007,2025-07-05,1975-07-05,F,Gauteng,137000.0,671.3,Active,,policies.csv,2026-09-03 13:30:17
POL001425,PART001,PRD001,2026-02-01,1978-02-01,M,Gauteng,71700.0,344.16,Active,,policies.csv,2026-09-03 13:30:17
POL001426,PART001,PRD002,2025-07-20,1976-07-20,M,Western Cape,84200.0,522.04,Lapsed,2026-04-20,policies.csv,2026-09-03 13:30:17
POL001427,PART004,PRD008,2025-12-13,1984-12-13,F,KwaZulu-Natal,75000.0,119.0,Active,,policies.csv,2026-09-03 13:30:17
POL001428,PART004,PRD008,2025-10-08,1982-10-08,M,Gauteng,100000.0,158.67,Active,,policies.csv,2026-09-03 13:30:17
POL001429,PART003,PRD006,2026-02-27,1996-02-27,M,North West,175400.0,1157.64,Active,,policies.csv,2026-09-03 13:30:17
POL001430,PART004,PRD007,2026-04-18,1970-04-18,M,Gauteng,63300.0,310.17,Active,,policies.csv,2026-09-03 13:30:17
POL001431,PART003,PRD006,2025-07-20,1972-07-20,M,North West,126200.0,832.92,Lapsed,2025-09-20,policies.csv,2026-09-03 13:30:17
POL001433,PART004,PRD008,2026-01-26,1973-01-26,F,KwaZulu-Natal,50000.0,79.33,Active,,policies.csv,2026-09-03 13:30:17
POL001434,PART001,PRD002,2026-03-09,1999-03-09,M,Western Cape,58900.0,365.18,Active,,policies.csv,2026-09-03 13:30:17
POL001435,PART003,PRD005,2025-09-25,2003-09-25,M,Western Cape,47000.0,258.5,Active,,policies.csv,2026-09-03 13:30:17
POL001436,PART002,PRD003,2025-12-11,1973-12-11,M,Free State,25000.0,44.5,Active,,policies.csv,2026-09-03 13:30:17
POL001437,PART004,PRD008,2025-11-26,1975-11-26,F,Limpopo,75000.0,119.0,Active,,policies.csv,2026-09-03 13:30:17
POL001438,PART002,PRD003,2026-03-22,1981-03-22,M,Western Cape,50000.0,89.0,Active,,policies.csv,2026-09-03 13:30:17
POL001439,PART004,PRD008,2026-01-09,1972-01-09,M,KwaZulu-Natal,50000.0,79.33,Active,,policies.csv,2026-09-03 13:30:17
POL001440,PART003,PRD005,2025-10-23,1974-10-23,M,Gauteng,67700.0,372.35,Active,,policies.csv,2026-09-03 13:30:17
POL001441,PART003,PRD005,2026-02-18,1974-02-18,F,Gauteng,88300.0,485.65,Active,,policies.csv,2026-09-03 13:30:17
POL001442,PART001,PRD001,2026-03-24,1990-03-24,M,Limpopo,51700.0,248.16,Active,,policies.csv,2026-09-03 13:30:17
POL001443,PART001,PRD001,2026-01-18,2001-01-18,M,Limpopo,54500.0,261.6,Lapsed,2026-06-18,policies.csv,2026-09-03 13:30:17
POL001444,PART004,PRD007,2026-04-08,1999-04-08,F,Gauteng,186800.0,915.32,Active,,policies.csv,2026-09-03 13:30:17
POL001445,PART004,PRD007,2026-04-08,1969-04-08,F,Free State,150300.0,736.47,Active,,policies.csv,2026-09-03 13:30:17
POL001446,PART004,PRD007,2026-01-04,1993-01-04,M,KwaZulu-Natal,148600.0,728.14,Active,,policies.csv,2026-09-03 13:30:17
POL001447,PART004,PRD008,2025-09-27,2002-09-27,F,Western Cape,50000.0,79.33,Lapsed,2026-04-27,policies.csv,2026-09-03 13:30:17
POL001448,PART003,PRD005,2025-07-12,1991-07-12,M,KwaZulu-Natal,42400.0,233.2,Active,,policies.csv,2026-09-03 13:30:17
POL001449,PART002,PRD003,2026-03-26,1995-03-26,F,Limpopo,50000.0,89.0,Active,,policies.csv,2026-09-03 13:30:17
POL001450,PART002,PRD003,2025-08-28,1998-08-28,F,Gauteng,25000.0,44.5,Active,,policies.csv,2026-09-03 13:30:17
POL001451,PART001,PRD002,2026-03-19,1988-03-19,F,North West,63100.0,391.22,Active,,policies.csv,2026-09-03 13:30:17
POL001452,PART001,PRD001,2025-12-02,1996-12-02,F,Western Cape,29800.0,143.04,Active,,policies.csv,2026-09-03 13:30:17
POL001453,PART005,PRD009,2025-11-20,1970-11-20,F,Western Cape,208500.0,875.7,Active,,policies.csv,2026-09-03 13:30:17
POL001454,PART001,PRD001,2026-01-06,1978-01-06,F,Western Cape,42500.0,204.0,Active,,policies.csv,2026-09-03 13:30:17
POL001455,PART004,PRD007,2025-08-14,1973-08-14,M,KwaZulu-Natal,88200.0,432.18,Lapsed,2025-12-14,policies.csv,2026-09-03 13:30:17
POL001456,PART004,PRD007,2025-07-07,1971-07-07,F,Gauteng,173200.0,848.68,Active,,policies.csv,2026-09-03 13:30:17
POL001457,PART005,PRD010,2026-04-19,1981-04-19,F,Gauteng,186800.0,653.8,Active,,policies.csv,2026-09-03 13:30:17
POL001458,PART001,PRD002,2025-07-21,1983-07-21,F,Western Cape,90400.0,560.48,Active,,policies.csv,2026-09-03 13:30:17
POL001459,PART004,PRD008,2025-09-24,1984-09-24,F,Limpopo,100000.0,158.67,Active,,policies.csv,2026-09-03 13:30:17
POL001460,PART002,PRD003,2026-03-07,1983-03-07,M,KwaZulu-Natal,25000.0,44.5,Cancelled,2026-04-07,policies.csv,2026-09-03 13:30:17
POL001461,PART003,PRD006,2025-11-23,2002-11-23,F,KwaZulu-Natal,98600.0,650.76,Active,,policies.csv,2026-09-03 13:30:17
POL001462,PART004,PRD008,2025-09-08,1966-09-08,M,KwaZulu-Natal,75000.0,119.0,Active,,policies.csv,2026-09-03 13:30:17
POL001463,PART002,PRD003,2025-09-30,1987-09-30,F,Limpopo,25000.0,44.5,Active,,policies.csv,2026-09-03 13:30:17
POL001464,PART002,PRD003,2026-04-13,1988-04-13,F,Gauteng,25000.0,44.5,Active,,policies.csv,2026-09-03 13:30:17
POL001465,PART002,PRD003,2025-09-26,1982-09-26,F,Western Cape,50000.0,89.0,Lapsed,2026-02-26,policies.csv,2026-09-03 13:30:17
POL001466,PART002,PRD003,2025-10-23,1997-10-23,M,Gauteng,50000.0,89.0,Lapsed,2026-03-23,policies.csv,2026-09-03 13:30:17
POL001467,PART005,PRD010,2026-03-18,2005-03-18,F,Gauteng,178600.0,625.1,Active,,policies.csv,2026-09-03 13:30:17
POL001468,PART001,PRD001,2026-03-31,1971-03-31,F,Gauteng,44700.0,214.56,Cancelled,2026-06-30,policies.csv,2026-09-03 13:30:17
POL001469,PART002,PRD003,2025-09-25,1972-09-25,M,Free State,25000.0,44.5,Active,,policies.csv,2026-09-03 13:30:17
POL001470,PART002,PRD003,2026-02-10,1975-02-10,M,Gauteng,75000.0,133.5,Lapsed,2026-06-30,policies.csv,2026-09-03 13:30:17
POL001471,PART002,PRD004,2025-12-14,1973-12-14,F,Mpumalanga,50000.0,74.5,Active,,policies.csv,2026-09-03 13:30:17
POL001472,PART001,PRD002,2025-09-19,1992-09-19,F,Western Cape,107700.0,667.74,Active,,policies.csv,2026-09-03 13:30:17
POL001473,PART003,PRD005,2025-07-30,1964-07-30,M,Gauteng,65200.0,358.6,Lapsed,2025-11-28,policies.csv,2026-09-03 13:30:17
POL001474,PART003,PRD006,2026-03-13,1989-03-13,M,Free State,171600.0,1132.56,Active,,policies.csv,2026-09-03 13:30:17
POL001475,PART003,PRD006,2025-09-24,1996-09-24,M,Gauteng,167100.0,1102.86,Active,,policies.csv,2026-09-03 13:30:17
POL001476,PART005,PRD009,2025-08-30,1967-08-30,M,Limpopo,198400.0,833.28,Active,,policies.csv,2026-09-03 13:30:17
POL001477,PART001,PRD002,2025-12-18,1991-12-18,M,Gauteng,99900.0,619.38,Active,,policies.csv,2026-09-03 13:30:17
POL001478,PART001,PRD002,2026-01-21,2003-01-21,F,KwaZulu-Natal,74000.0,458.8,Active,,policies.csv,2026-09-03 13:30:17
POL001479,PART002,PRD003,2026-01-14,2003-01-14,F,Western Cape,75000.0,133.5,Active,,policies.csv,2026-09-03 13:30:17
POL001480,PART004,PRD008,2025-09-07,2001-09-07,M,North West,50000.0,79.33,Active,,policies.csv,2026-09-03 13:30:17
POL001481,PART001,PRD001,2026-02-26,1979-02-26,F,KwaZulu-Natal,63400.0,304.32,Lapsed,2026-06-30,policies.csv,2026-09-03 13:30:17
POL001482,PART002,PRD003,2025-09-01,1961-09-01,M,KwaZulu-Natal,75000.0,133.5,Active,,policies.csv,2026-09-03 13:30:17
POL001483,PART004,PRD007,2025-12-22,1976-12-22,M,KwaZulu-Natal,149800.0,734.02,Active,,policies.csv,2026-09-03 13:30:17
POL001484,PART004,PRD007,2026-02-10,1972-02-10,M,KwaZulu-Natal,60900.0,298.41,Active,,policies.csv,2026-09-03 13:30:17
POL001485,PART003,PRD006,2025-09-13,1971-09-13,M,Mpumalanga,56500.0,372.9,Lapsed,2026-05-13,policies.csv,2026-09-03 13:30:17
POL001486,PART005,PRD010,2025-07-13,1969-07-13,F,Gauteng,105700.0,369.95,Active,,policies.csv,2026-09-03 13:30:17
POL001487,PART001,PRD002,2025-12-09,1987-12-09,M,Mpumalanga,81100.0,502.82,Active,,policies.csv,2026-09-03 13:30:17
POL001488,PART002,PRD003,2026-04-10,1991-04-10,F,KwaZulu-Natal,75000.0,133.5,Active,,policies.csv,2026-09-03 13:30:17
POL001489,PART002,PRD003,2025-07-09,1974-07-09,F,KwaZulu-Natal,50000.0,89.0,Active,,policies.csv,2026-09-03 13:30:17
POL001490,PART005,PRD009,2025-09-02,1994-09-02,M,Western Cape,263200.0,1105.44,Active,,policies.csv,2026-09-03 13:30:17
POL001491,PART005,PRD009,2026-02-20,1976-02-20,M,Western Cape,221400.0,929.88,Active,,policies.csv,2026-09-03 13:30:17
POL001492,PART001,PRD001,2025-08-12,2000-08-12,F,Free State,30200.0,144.96,Active,,policies.csv,2026-09-03 13:30:17
POL001493,PART002,PRD003,2025-10-05,1981-10-05,F,Gauteng,75000.0,133.5,Lapsed,2026-01-05,policies.csv,2026-09-03 13:30:17
POL001494,PART004,PRD007,2025-12-13,1971-12-13,M,KwaZulu-Natal,189000.0,926.1,Active,,policies.csv,2026-09-03 13:30:17
POL001495,PART002,PRD003,2026-03-14,1968-03-14,M,KwaZulu-Natal,25000.0,44.5,Active,,policies.csv,2026-09-03 13:30:17
POL001496,PART003,PRD005,2025-09-08,1978-09-08,M,Gauteng,37000.0,203.5,Active,,policies.csv,2026-09-03 13:30:17
POL001497,PART002,PRD003,2026-01-31,1978-01-31,M,Western Cape,50000.0,89.0,Lapsed,2026-05-28,policies.csv,2026-09-03 13:30:17
POL001498,PART001,PRD002,2026-01-21,1990-01-21,F,Eastern Cape,140400.0,870.48,Cancelled,2026-06-30,policies.csv,2026-09-03 13:30:17
POL001499,PART004,PRD008,2025-07-05,1984-07-05,M,Gauteng,100000.0,158.67,Active,,policies.csv,2026-09-03 13:30:17
POL001500,PART001,PRD002,2025-08-20,1971-08-20,F,Western Cape,49900.0,309.38,Active,,policies.csv,2026-09-03 13:30:17
POL001501,PART001,PRD002,2026-01-14,1974-01-14,F,Gauteng,75500.0,468.1,Active,,policies.csv,2026-09-03 13:30:17
POL001502,PART002,PRD004,2025-12-08,1992-12-08,M,Free State,75000.0,111.75,Active,,policies.csv,2026-09-03 13:30:17
POL001503,PART002,PRD004,2025-10-01,2001-10-01,M,KwaZulu-Natal,25000.0,37.25,Active,,policies.csv,2026-09-03 13:30:17
POL001504,PART004,PRD007,2025-07-27,1976-07-27,F,Gauteng,87900.0,430.71,Active,,policies.csv,2026-09-03 13:30:17
POL001505,PART003,PRD005,2025-09-13,1992-09-13,F,KwaZulu-Natal,92800.0,510.4,Active,,policies.csv,2026-09-03 13:30:17
POL001506,PART002,PRD003,2026-01-09,1970-01-09,M,Mpumalanga,75000.0,133.5,Active,,policies.csv,2026-09-03 13:30:17
POL001507,PART003,PRD006,2025-08-22,1978-08-22,F,Gauteng,126100.0,832.26,Active,,policies.csv,2026-09-03 13:30:17
POL001508,PART002,PRD003,2026-04-20,2003-04-20,F,Gauteng,25000.0,44.5,Active,,policies.csv,2026-09-03 13:30:17
POL001509,PART002,PRD003,2025-07-27,2005-07-27,F,Western Cape,50000.0,89.0,Active,,policies.csv,2026-09-03 13:30:17
POL001510,PART001,PRD002,2025-07-16,1976-07-16,M,Gauteng,120800.0,748.96,Active,,policies.csv,2026-09-03 13:30:17
POL001511,PART003,PRD006,2025-07-25,1978-07-25,M,KwaZulu-Natal,164800.0,1087.68,Active,,policies.csv,2026-09-03 13:30:17
POL001512,PART005,PRD010,2026-02-09,1982-02-09,F,Western Cape,119200.0,417.2,Active,,policies.csv,2026-09-03 13:30:17
POL001513,PART001,PRD002,2026-03-16,1991-03-16,M,North West,82800.0,513.36,Active,,policies.csv,2026-09-03 13:30:17
POL001514,PART003,PRD005,2025-11-08,2004-11-08,M,Free State,93800.0,515.9,Active,,policies.csv,2026-09-03 13:30:17
POL001515,PART004,PRD008,,1969-09-15,F,Gauteng,50000.0,79.33,Lapsed,2026-05-15,policies.csv,2026-09-03 13:30:17
POL001516,PART002,PRD004,2025-12-22,1985-12-22,F,Eastern Cape,100000.0,149.0,Active,,policies.csv,2026-09-03 13:30:17
POL001517,PART002,PRD003,2025-07-16,1999-07-16,F,Eastern Cape,25000.0,44.5,Lapsed,2025-10-16,policies.csv,2026-09-03 13:30:17
POL001518,PART003,PRD006,2026-04-26,1976-04-26,F,Limpopo,141900.0,936.54,Active,,policies.csv,2026-09-03 13:30:17
POL001519,PART005,PRD009,2026-03-14,1969-03-14,F,KwaZulu-Natal,226600.0,951.72,Active,,policies.csv,2026-09-03 13:30:17
POL001520,PART001,PRD002,2026-04-24,1971-04-24,M,Western Cape,42500.0,263.5,Active,,policies.csv,2026-09-03 13:30:17
POL001521,PART003,PRD005,2026-04-17,1982-04-17,M,Western Cape,90600.0,498.3,Active,,policies.csv,2026-09-03 13:30:17
POL001522,PART001,PRD002,2026-01-24,1984-01-24,F,Gauteng,128100.0,794.22,Active,,policies.csv,2026-09-03 13:30:17
POL001523,PART002,PRD004,2025-08-23,1991-08-23,F,Mpumalanga,50000.0,74.5,Active,,policies.csv,2026-09-03 13:30:17
POL001524,PART003,PRD005,2025-09-29,1987-09-29,M,Western Cape,66600.0,366.3,Active,,policies.csv,2026-09-03 13:30:17
POL001525,PART004,PRD007,2025-09-13,1982-09-13,M,Western Cape,114300.0,560.07,Lapsed,2025-12-13,policies.csv,2026-09-03 13:30:17
POL001526,PART004,PRD007,2026-01-04,1970-01-04,F,Western Cape,194000.0,950.6,Active,,policies.csv,2026-09-03 13:30:17
POL001527,PART003,PRD006,2026-03-22,1998-03-22,F,Gauteng,88500.0,584.1,Active,,policies.csv,2026-09-03 13:30:17
POL001528,PART001,PRD001,2025-10-29,1977-10-29,M,Gauteng,30000.0,144.0,Active,,policies.csv,2026-09-03 13:30:17
POL001529,PART005,PRD009,2025-07-22,2003-07-22,M,Gauteng,125300.0,526.26,Active,,policies.csv,2026-09-03 13:30:17
POL001530,PART005,PRD010,2025-09-21,1980-09-21,F,KwaZulu-Natal,209700.0,733.95,Active,,policies.csv,2026-09-03 13:30:17
POL001531,PART003,PRD005,2026-01-01,1968-01-01,M,KwaZulu-Natal,81200.0,446.6,Active,,policies.csv,2026-09-03 13:30:17
POL001532,PART002,PRD004,2025-10-31,1993-10-31,F,Western Cape,100000.0,149.0,Active,,policies.csv,2026-09-03 13:30:17
POL001533,PART005,PRD010,2026-03-30,1977-03-30,M,Gauteng,96400.0,337.4,Active,,policies.csv,2026-09-03 13:30:17
POL001534,PART004,PRD008,2025-12-21,2000-12-21,F,KwaZulu-Natal,100000.0,158.67,Active,,policies.csv,2026-09-03 13:30:17
POL001535,PART004,PRD007,2025-09-13,1981-09-13,M,Eastern Cape,97600.0,478.24,Active,,policies.csv,2026-09-03 13:30:17
POL001536,PART004,PRD007,2025-09-03,1978-09-03,F,KwaZulu-Natal,127500.0,624.75,Cancelled,2026-03-03,policies.csv,2026-09-03 13:30:17
POL001537,PART005,PRD009,2025-12-03,1986-12-03,M,Gauteng,296300.0,1244.46,Active,,policies.csv,2026-09-03 13:30:17
POL001538,PART005,PRD009,2025-11-02,1972-11-02,F,Western Cape,165900.0,696.78,Active,,policies.csv,2026-09-03 13:30:17
POL001539,PART002,PRD003,2025-08-27,1993-08-27,M,Gauteng,50000.0,89.0,Lapsed,2026-05-27,policies.csv,2026-09-03 13:30:17
POL001540,PART004,PRD007,2025-11-16,1991-11-16,M,Mpumalanga,117800.0,577.22,Lapsed,2026-04-16,policies.csv,2026-09-03 13:30:17
POL001541,PART001,PRD001,2025-08-07,2004-08-07,M,KwaZulu-Natal,39200.0,188.16,Active,,policies.csv,2026-09-03 13:30:17
POL001542,PART004,PRD008,2025-12-18,1998-12-18,F,Gauteng,25000.0,39.67,Active,,policies.csv,2026-09-03 13:30:17
POL001543,PART001,PRD002,2025-11-05,1983-11-05,F,North West,109200.0,677.04,Lapsed,2026-06-05,policies.csv,2026-09-03 13:30:17
POL001544,PART002,PRD003,2025-08-27,1974-08-27,M,North West,25000.0,44.5,Active,,policies.csv,2026-09-03 13:30:17
POL001545,PART005,PRD010,2026-02-02,1971-02-02,F,Western Cape,208400.0,729.4,Lapsed,2026-06-30,policies.csv,2026-09-03 13:30:17
POL001546,PART005,PRD010,2025-12-29,1984-12-29,F,Western Cape,164800.0,576.8,Lapsed,2026-06-30,policies.csv,2026-09-03 13:30:17
POL001547,PART003,PRD006,2026-01-23,1978-01-23,M,Gauteng,71200.0,469.92,Active,,policies.csv,2026-09-03 13:30:17
POL001548,PART002,PRD004,2026-02-12,1964-02-12,M,Eastern Cape,50000.0,74.5,Active,,policies.csv,2026-09-03 13:30:17
POL001549,PART002,PRD004,2025-09-30,2002-09-30,M,Mpumalanga,25000.0,37.25,Lapsed,2026-05-28,policies.csv,2026-09-03 13:30:17
POL001550,PART005,PRD009,2026-04-08,1984-04-08,F,KwaZulu-Natal,262600.0,1102.92,Active,,policies.csv,2026-09-03 13:30:17
POL001551,PART004,PRD008,2025-07-12,1997-07-12,M,Western Cape,100000.0,158.67,Active,,policies.csv,2026-09-03 13:30:17
POL001552,PART004,PRD008,2026-02-18,1999-02-18,F,North West,100000.0,158.67,Lapsed,2026-05-18,policies.csv,2026-09-03 13:30:17
POL001553,PART003,PRD006,2025-12-24,1971-12-24,M,Mpumalanga,147400.0,972.84,Active,,policies.csv,2026-09-03 13:30:17
POL001554,PART004,PRD007,2026-02-21,2005-02-21,M,KwaZulu-Natal,113700.0,557.13,Active,,policies.csv,2026-09-03 13:30:17
POL001555,PART001,PRD002,2026-02-22,2005-02-22,F,North West,80800.0,500.96,Active,,policies.csv,2026-09-03 13:30:17
POL001556,PART003,PRD006,2025-11-13,1972-11-13,F,Mpumalanga,166100.0,1096.26,Active,,policies.csv,2026-09-03 13:30:17
POL001557,PART004,PRD008,2025-10-27,1966-10-27,M,Western Cape,25000.0,39.67,Lapsed,2026-06-30,policies.csv,2026-09-03 13:30:17
POL001558,PART004,PRD008,2025-08-23,1997-08-23,F,Free State,100000.0,158.67,Lapsed,2025-11-23,policies.csv,2026-09-03 13:30:17
POL001559,PART005,PRD010,2025-10-31,1991-10-31,M,North West,176500.0,617.75,Active,,policies.csv,2026-09-03 13:30:17
POL001560,PART001,PRD001,2025-07-17,2002-07-17,M,Western Cape,54700.0,262.56,Active,,policies.csv,2026-09-03 13:30:17
POL001561,PART001,PRD002,2026-03-22,1978-03-22,F,Eastern Cape,86800.0,538.16,Active,,policies.csv,2026-09-03 13:30:17
POL001562,PART004,PRD008,2026-02-24,1979-02-24,M,KwaZulu-Natal,100000.0,158.67,Active,,policies.csv,2026-09-03 13:30:17
POL001563,PART001,PRD001,2026-02-15,1963-02-15,F,Limpopo,52900.0,253.92,Active,,policies.csv,2026-09-03 13:30:17
POL001564,PART004,PRD007,2025-12-20,1979-12-20,M,Mpumalanga,134600.0,659.54,Active,,policies.csv,2026-09-03 13:30:17
POL001565,PART001,PRD001,2026-01-23,1994-01-23,F,Eastern Cape,26000.0,124.8,Active,,policies.csv,2026-09-03 13:30:17
POL001566,PART004,PRD007,2025-11-30,1985-11-30,F,Gauteng,185400.0,908.46,Active,,policies.csv,2026-09-03 13:30:17
POL001567,PART005,PRD009,2025-08-29,1992-08-29,F,Gauteng,158300.0,664.86,Active,,policies.csv,2026-09-03 13:30:17
POL001568,PART004,PRD008,2025-09-30,1968-09-30,F,Gauteng,50000.0,79.33,Active,,policies.csv,2026-09-03 13:30:17
POL001569,PART003,PRD005,2026-04-19,1968-04-19,M,Eastern Cape,59500.0,327.25,Active,,policies.csv,2026-09-03 13:30:17
POL001570,PART002,PRD003,2026-01-01,2003-01-01,F,Western Cape,50000.0,89.0,Cancelled,2026-02-01,policies.csv,2026-09-03 13:30:17
POL001571,PART003,PRD005,2026-01-21,1987-01-21,F,Western Cape,61400.0,337.7,Active,,policies.csv,2026-09-03 13:30:17
POL001572,PART003,PRD005,2025-12-13,1969-12-13,F,Gauteng,79300.0,436.15,Active,,policies.csv,2026-09-03 13:30:17
POL001573,PART001,PRD001,2025-10-12,1964-10-12,F,Western Cape,20900.0,100.32,Active,,policies.csv,2026-09-03 13:30:17
POL001574,PART004,PRD008,2026-04-09,1975-04-09,M,North West,25000.0,39.67,Active,,policies.csv,2026-09-03 13:30:17
POL001575,PART003,PRD005,2026-04-05,2002-04-05,F,Western Cape,53400.0,293.7,Active,,policies.csv,2026-09-03 13:30:17
POL001576,PART004,PRD007,2025-12-23,1980-12-23,M,North West,115200.0,564.48,Lapsed,2026-04-23,policies.csv,2026-09-03 13:30:17
POL001577,PART001,PRD002,2025-12-13,1963-12-13,F,Limpopo,123200.0,763.84,Active,,policies.csv,2026-09-03 13:30:17
POL001578,PART004,PRD008,2025-09-07,1998-09-07,F,Limpopo,25000.0,39.67,Cancelled,2026-01-07,policies.csv,2026-09-03 13:30:17
POL001579,PART004,PRD008,2026-02-20,1999-02-20,M,Eastern Cape,25000.0,39.67,Lapsed,2026-06-30,policies.csv,2026-09-03 13:30:17
POL001580,PART002,PRD003,2025-08-31,1989-08-31,F,Mpumalanga,25000.0,44.5,Active,,policies.csv,2026-09-03 13:30:17
POL001581,PART001,PRD002,2025-07-11,1994-07-11,F,Western Cape,38900.0,241.18,Active,,policies.csv,2026-09-03 13:30:17
POL001582,PART003,PRD006,2025-09-19,1992-09-19,M,Eastern Cape,153400.0,1012.44,Active,,policies.csv,2026-09-03 13:30:17
POL001583,PART003,PRD006,2025-10-18,1977-10-18,F,Gauteng,73800.0,487.08,Active,,policies.csv,2026-09-03 13:30:17
POL001584,PART001,PRD002,2025-11-19,1995-11-19,F,Gauteng,121300.0,752.06,Active,,policies.csv,2026-09-03 13:30:17
POL001585,PART001,PRD002,2025-10-31,1984-10-31,M,Limpopo,116400.0,721.68,Active,,policies.csv,2026-09-03 13:30:17
POL001586,PART001,PRD002,2025-07-21,1964-07-21,M,North West,88600.0,549.32,Lapsed,2026-03-21,policies.csv,2026-09-03 13:30:17
POL001587,PART003,PRD005,2025-12-10,1981-12-10,M,Western Cape,57600.0,316.8,Active,,policies.csv,2026-09-03 13:30:17
POL001588,PART004,PRD007,2025-07-01,1990-07-01,F,Gauteng,68100.0,333.69,Active,,policies.csv,2026-09-03 13:30:17
POL001589,PART001,PRD001,2025-07-30,1983-07-30,F,Gauteng,44800.0,215.04,Active,,policies.csv,2026-09-03 13:30:17
POL001590,PART001,PRD002,2025-07-10,1975-07-10,M,Western Cape,110400.0,684.48,Active,,policies.csv,2026-09-03 13:30:17
POL001591,PART001,PRD001,2025-08-04,1991-08-04,M,Gauteng,27300.0,131.04,Active,,policies.csv,2026-09-03 13:30:17
POL001592,PART002,PRD003,2026-03-15,2004-03-15,F,Free State,100000.0,178.0,Cancelled,2026-05-15,policies.csv,2026-09-03 13:30:17
POL001593,PART001,PRD002,2026-02-11,1969-02-11,M,Gauteng,145400.0,901.48,Active,,policies.csv,2026-09-03 13:30:17
POL001594,PART005,PRD009,2025-12-08,1978-12-08,F,Gauteng,146200.0,614.04,Lapsed,2026-02-08,policies.csv,2026-09-03 13:30:17
POL001595,PART004,PRD007,2025-12-01,1981-12-01,F,Limpopo,102800.0,503.72,Active,,policies.csv,2026-09-03 13:30:17
POL001596,PART004,PRD008,2025-10-15,2002-10-15,F,Gauteng,50000.0,79.33,Active,,policies.csv,2026-09-03 13:30:17
POL001597,PART004,PRD007,2025-12-12,1992-12-12,M,Gauteng,176100.0,862.89,Active,,policies.csv,2026-09-03 13:30:17
POL001598,PART005,PRD009,2026-02-25,1985-02-25,M,Gauteng,298800.0,1254.96,Active,,policies.csv,2026-09-03 13:30:17
POL001599,PART001,PRD001,2025-12-11,1992-12-11,M,Gauteng,70600.0,338.88,Active,,policies.csv,2026-09-03 13:30:17
POL001600,PART003,PRD005,2026-03-03,1987-03-03,M,Western Cape,92800.0,510.4,Active,,policies.csv,2026-09-03 13:30:17
POL001601,PART001,PRD001,2025-09-12,1997-09-12,F,Western Cape,55600.0,266.88,Active,,policies.csv,2026-09-03 13:30:17
POL001602,PART004,PRD008,2026-03-05,1990-03-05,M,Gauteng,75000.0,119.0,Active,,policies.csv,2026-09-03 13:30:17
POL001603,PART001,PRD002,2026-04-05,2001-04-05,F,KwaZulu-Natal,91700.0,568.54,Active,,policies.csv,2026-09-03 13:30:17
POL001604,PART003,PRD006,2025-09-13,1997-09-13,F,Gauteng,61700.0,407.22,Active,,policies.csv,2026-09-03 13:30:17
POL001605,PART002,PRD003,2025-08-21,1975-08-21,M,Gauteng,50000.0,89.0,Active,,policies.csv,2026-09-03 13:30:17
POL001606,PART002,PRD004,2025-11-23,1980-11-23,F,Free State,75000.0,111.75,Active,,policies.csv,2026-09-03 13:30:17
POL001607,PART003,PRD006,2025-12-06,1976-12-06,M,Gauteng,180900.0,1193.94,Active,,policies.csv,2026-09-03 13:30:17
POL001608,PART002,PRD004,2026-04-20,1987-04-20,F,Eastern Cape,50000.0,74.5,Active,,policies.csv,2026-09-03 13:30:17
POL001609,PART004,PRD007,2025-08-13,2001-08-13,F,Gauteng,123400.0,604.66,Active,,policies.csv,2026-09-03 13:30:17
POL001610,PART003,PRD005,2025-07-13,1976-07-13,M,Limpopo,94200.0,518.1,Active,,policies.csv,2026-09-03 13:30:17
POL001611,PART001,PRD002,2026-03-07,1966-03-07,F,KwaZulu-Natal,79900.0,495.38,Active,,policies.csv,2026-09-03 13:30:17
POL001612,PART002,PRD004,2025-08-28,1991-08-28,M,Gauteng,75000.0,111.75,Active,,policies.csv,2026-09-03 13:30:17
POL001613,PART005,PRD010,2025-08-29,1967-08-29,F,Gauteng,94100.0,329.35,Cancelled,2026-01-28,policies.csv,2026-09-03 13:30:17
POL001614,PART001,PRD001,2025-08-12,1985-08-12,F,Gauteng,40200.0,192.96,Active,,policies.csv,2026-09-03 13:30:17
POL001615,PART001,PRD001,2025-12-01,1963-12-01,M,Limpopo,22900.0,109.92,Active,,policies.csv,2026-09-03 13:30:17
POL001616,PART001,PRD001,2026-03-29,2006-03-29,M,KwaZulu-Natal,71700.0,344.16,Active,,policies.csv,2026-09-03 13:30:17
POL001617,PART004,PRD007,2026-02-16,1969-02-16,M,Gauteng,141700.0,694.33,Active,,policies.csv,2026-09-03 13:30:17
POL001618,PART002,PRD003,2025-11-11,1975-11-11,F,North West,75000.0,133.5,Active,,policies.csv,2026-09-03 13:30:17
POL001619,PART001,PRD001,2026-03-24,1994-03-24,F,Western Cape,37300.0,179.04,Active,,policies.csv,2026-09-03 13:30:17
POL001620,PART003,PRD006,2026-03-06,1982-03-06,M,Gauteng,115700.0,763.62,Active,,policies.csv,2026-09-03 13:30:17
POL001621,PART003,PRD005,2025-09-23,1972-09-23,M,Eastern Cape,94200.0,518.1,Active,,policies.csv,2026-09-03 13:30:17
POL001622,PART003,PRD005,2026-04-11,1982-04-11,F,Gauteng,34000.0,187.0,Active,,policies.csv,2026-09-03 13:30:17
POL001623,PART005,PRD010,2026-04-02,1972-04-02,F,Western Cape,164500.0,575.75,Active,,policies.csv,2026-09-03 13:30:17
POL001624,PART001,PRD002,2025-10-06,1984-10-06,M,Gauteng,58800.0,364.56,Active,,policies.csv,2026-09-03 13:30:17
POL001625,PART001,PRD002,2026-04-17,1977-04-17,M,Gauteng,113100.0,701.22,Active,,policies.csv,2026-09-03 13:30:17
POL001626,PART001,PRD002,2026-02-07,1973-02-07,M,KwaZulu-Natal,43000.0,266.6,Active,,policies.csv,2026-09-03 13:30:17
POL001627,PART004,PRD008,2025-08-17,1980-08-17,M,KwaZulu-Natal,75000.0,119.0,Active,,policies.csv,2026-09-03 13:30:17
POL001628,PART001,PRD001,2026-01-07,1992-01-07,M,Western Cape,57300.0,275.04,Active,,policies.csv,2026-09-03 13:30:17
POL001629,PART003,PRD005,2025-10-19,1973-10-19,F,KwaZulu-Natal,55600.0,305.8,Active,,policies.csv,2026-09-03 13:30:17
POL001630,PART004,PRD008,2026-02-01,1990-02-01,M,KwaZulu-Natal,75000.0,119.0,Active,,policies.csv,2026-09-03 13:30:17
POL001631,PART001,PRD001,2025-08-30,2004-08-30,F,Western Cape,36500.0,175.2,Lapsed,2026-03-28,policies.csv,2026-09-03 13:30:17
POL001632,PART005,PRD009,2025-12-11,1963-12-11,F,Gauteng,197700.0,830.34,Active,,policies.csv,2026-09-03 13:30:17
POL001633,PART004,PRD008,2025-10-08,1983-10-08,M,KwaZulu-Natal,75000.0,119.0,Active,,policies.csv,2026-09-03 13:30:17
POL001634,PART002,PRD003,2025-08-12,1996-08-12,F,Western Cape,75000.0,133.5,Active,,policies.csv,2026-09-03 13:30:17
POL001635,PART001,PRD002,2026-04-03,2000-04-03,F,Gauteng,108600.0,673.32,Active,,policies.csv,2026-09-03 13:30:17
POL001636,PART001,PRD002,2026-02-09,2006-02-09,F,Gauteng,40800.0,252.96,Active,,policies.csv,2026-09-03 13:30:17
POL001637,PART004,PRD008,2025-08-11,1971-08-11,F,Eastern Cape,75000.0,119.0,Lapsed,2026-04-11,policies.csv,2026-09-03 13:30:17
POL001638,PART002,PRD004,2025-07-15,1995-07-15,F,KwaZulu-Natal,25000.0,37.25,Active,,policies.csv,2026-09-03 13:30:17
POL001640,PART004,PRD008,2025-11-18,1998-11-18,M,Mpumalanga,25000.0,39.67,Active,,policies.csv,2026-09-03 13:30:17
POL001641,PART003,PRD006,2025-09-28,2001-09-28,F,Limpopo,132600.0,875.16,Active,,policies.csv,2026-09-03 13:30:17
POL001643,PART005,PRD009,2025-07-07,1964-07-07,F,North West,270700.0,1136.94,Active,,policies.csv,2026-09-03 13:30:17
POL001644,PART004,PRD008,2026-01-31,2004-01-31,F,Western Cape,25000.0,39.67,Lapsed,2026-03-28,policies.csv,2026-09-03 13:30:17
POL001645,PART001,PRD001,2026-03-15,1995-03-15,M,Mpumalanga,54900.0,263.52,Active,,policies.csv,2026-09-03 13:30:17
POL001646,PART003,PRD005,2026-02-22,1987-02-22,M,Eastern Cape,68500.0,376.75,Active,,policies.csv,2026-09-03 13:30:17
POL001647,PART001,PRD002,2026-02-25,1992-02-25,M,Eastern Cape,127300.0,789.26,Active,,policies.csv,2026-09-03 13:30:17
POL001648,PART004,PRD007,2025-08-26,1987-08-26,M,Limpopo,195700.0,958.93,Lapsed,2026-04-26,policies.csv,2026-09-03 13:30:17
POL001649,PART001,PRD002,2025-10-15,1992-10-15,M,Gauteng,38700.0,239.94,Active,,policies.csv,2026-09-03 13:30:17
POL001650,PART001,PRD001,2025-08-10,1989-08-10,M,KwaZulu-Natal,69900.0,335.52,Active,,policies.csv,2026-09-03 13:30:17
POL001651,PART001,PRD001,2025-12-07,1970-12-07,M,Mpumalanga,45700.0,219.36,Active,,policies.csv,2026-09-03 13:30:17
POL001652,PART004,PRD007,2025-12-02,1996-12-02,F,North West,57300.0,280.77,Active,,policies.csv,2026-09-03 13:30:17
POL001653,PART004,PRD008,2026-04-20,1978-04-20,M,KwaZulu-Natal,100000.0,158.67,Active,,policies.csv,2026-09-03 13:30:17
POL001654,PART003,PRD006,2026-01-28,1967-01-28,M,Gauteng,176200.0,1162.92,Active,,policies.csv,2026-09-03 13:30:17
POL001655,PART001,PRD002,2026-01-12,1985-01-12,M,Gauteng,61300.0,380.06,Active,,policies.csv,2026-09-03 13:30:17
POL001656,PART002,PRD003,2025-08-02,1989-08-02,M,Gauteng,50000.0,89.0,Active,,policies.csv,2026-09-03 13:30:17
POL001657,PART003,PRD005,2026-02-02,1962-02-02,F,Mpumalanga,47500.0,261.25,Active,,policies.csv,2026-09-03 13:30:17
POL001658,PART002,PRD003,2025-09-05,2001-09-05,M,Western Cape,25000.0,44.5,Active,,policies.csv,2026-09-03 13:30:17
POL001659,PART003,PRD006,2025-12-01,1970-12-01,F,North West,134400.0,887.04,Active,,policies.csv,2026-09-03 13:30:17
POL001660,PART003,PRD006,2025-11-30,1966-11-30,F,Free State,58400.0,385.44,Active,,policies.csv,2026-09-03 13:30:17
POL001661,PART002,PRD004,2026-03-10,1998-03-10,F,Western Cape,25000.0,37.25,Active,,policies.csv,2026-09-03 13:30:17
POL001662,PART002,PRD004,2025-07-13,1969-07-13,M,Gauteng,50000.0,74.5,Active,,policies.csv,2026-09-03 13:30:17
POL001663,PART001,PRD001,2026-01-24,1993-01-24,F,KwaZulu-Natal,22000.0,105.6,Lapsed,2026-06-30,policies.csv,2026-09-03 13:30:17
POL001664,PART005,PRD010,2025-11-18,1987-11-18,M,Western Cape,125800.0,440.3,Active,,policies.csv,2026-09-03 13:30:17
POL001665,PART004,PRD007,2025-10-28,2005-10-28,F,Gauteng,178900.0,876.61,Active,,policies.csv,2026-09-03 13:30:17
POL001666,PART003,PRD006,2025-07-05,1991-07-05,F,Limpopo,177800.0,1173.48,Active,,policies.csv,2026-09-03 13:30:17
POL001667,PART002,PRD003,2025-09-07,1998-09-07,F,KwaZulu-Natal,75000.0,133.5,Active,,policies.csv,2026-09-03 13:30:17
POL001668,PART005,PRD009,2025-08-18,1989-08-18,M,Eastern Cape,122400.0,514.08,Active,,policies.csv,2026-09-03 13:30:17
POL001669,PART003,PRD006,2026-03-03,1973-03-03,F,Gauteng,68800.0,454.08,Active,,policies.csv,2026-09-03 13:30:17
POL001670,PART005,PRD009,2025-09-08,1994-09-08,M,Eastern Cape,252700.0,1061.34,Active,,policies.csv,2026-09-03 13:30:17
POL001671,PART005,PRD010,2025-08-29,1976-08-29,M,Western Cape,129600.0,453.6,Active,,policies.csv,2026-09-03 13:30:17
POL001672,PART001,PRD001,2025-09-13,1966-09-13,F,Gauteng,26200.0,125.76,Active,,policies.csv,2026-09-03 13:30:17
POL001673,PART005,PRD010,2026-01-07,1975-01-07,M,Gauteng,242000.0,847.0,Active,,policies.csv,2026-09-03 13:30:17
POL001674,PART005,PRD009,2026-04-05,1995-04-05,F,North West,161800.0,679.56,Active,,policies.csv,2026-09-03 13:30:17
POL001675,PART002,PRD004,2025-12-27,1992-12-27,M,Eastern Cape,25000.0,37.25,Active,,policies.csv,2026-09-03 13:30:17
POL001676,PART001,PRD001,2025-12-29,1962-12-29,M,KwaZulu-Natal,22100.0,106.08,Active,,policies.csv,2026-09-03 13:30:17
POL001677,PART002,PRD003,2026-03-14,1972-03-14,F,Western Cape,100000.0,178.0,Active,,policies.csv,2026-09-03 13:30:17
POL001678,PART001,PRD002,2026-04-26,2003-04-26,M,KwaZulu-Natal,51100.0,316.82,Active,,policies.csv,2026-09-03 13:30:17
POL001679,PART004,PRD008,2025-10-08,1964-10-08,M,Limpopo,50000.0,79.33,Active,,policies.csv,2026-09-03 13:30:17
POL001680,PART001,PRD001,2025-07-14,1978-07-14,M,Limpopo,30800.0,147.84,Lapsed,2025-11-14,policies.csv,2026-09-03 13:30:17
POL001681,PART005,PRD010,2026-04-06,1992-04-06,F,Western Cape,112900.0,395.15,Active,,policies.csv,2026-09-03 13:30:17
POL001682,PART004,PRD008,2025-08-22,1992-08-22,F,Western Cape,50000.0,79.33,Active,,policies.csv,2026-09-03 13:30:17
POL001683,PART001,PRD001,2026-04-01,1969-04-01,M,Western Cape,57700.0,276.96,Active,,policies.csv,2026-09-03 13:30:17
POL001684,PART002,PRD004,2025-07-09,1967-07-09,M,Western Cape,50000.0,74.5,Active,,policies.csv,2026-09-03 13:30:17
POL001685,PART002,PRD003,2025-12-12,1983-12-12,M,Gauteng,75000.0,133.5,Active,,policies.csv,2026-09-03 13:30:17
POL001686,PART003,PRD005,2026-04-14,2001-04-14,F,Gauteng,79600.0,437.8,Active,,policies.csv,2026-09-03 13:30:17
POL001687,PART005,PRD009,2025-11-17,1999-11-17,F,Gauteng,274400.0,1152.48,Active,,policies.csv,2026-09-03 13:30:17
POL001688,PART002,PRD004,2025-08-20,1995-08-20,F,Western Cape,50000.0,74.5,Active,,policies.csv,2026-09-03 13:30:17
POL001689,PART005,PRD010,2025-08-08,2000-08-08,M,Western Cape,173500.0,607.25,Active,,policies.csv,2026-09-03 13:30:17
POL001690,PART004,PRD007,2026-02-25,1994-02-25,F,Western Cape,131200.0,642.88,Active,,policies.csv,2026-09-03 13:30:17
POL001691,PART002,PRD003,2026-01-06,1992-01-06,M,Free State,50000.0,89.0,Active,,policies.csv,2026-09-03 13:30:17
POL001692,PART002,PRD999,2025-09-14,2005-09-14,M,KwaZulu-Natal,75000.0,133.5,Active,,policies.csv,2026-09-03 13:30:17
POL001693,PART002,PRD004,2025-07-29,1985-07-29,F,Gauteng,100000.0,149.0,Active,,policies.csv,2026-09-03 13:30:17
POL001694,PART001,PRD001,2025-07-19,1969-07-19,M,KwaZulu-Natal,55500.0,266.4,Active,,policies.csv,2026-09-03 13:30:17
POL001695,PART001,PRD001,2025-11-25,2001-11-25,F,Western Cape,23100.0,110.88,Active,,policies.csv,2026-09-03 13:30:17
POL001696,PART003,PRD005,2025-07-24,1974-07-24,M,Gauteng,54000.0,297.0,Active,,policies.csv,2026-09-03 13:30:17
POL001697,PART002,PRD004,2026-04-12,2002-04-12,F,Gauteng,100000.0,149.0,Active,,policies.csv,2026-09-03 13:30:17
POL001698,PART004,PRD007,2025-08-07,2001-08-07,M,KwaZulu-Natal,115300.0,564.97,Active,,policies.csv,2026-09-03 13:30:17
POL001699,PART001,PRD001,2026-02-21,1966-02-21,F,Gauteng,23300.0,111.84,Active,,policies.csv,2026-09-03 13:30:17
POL001700,PART002,PRD003,2026-01-03,1981-01-03,F,Western Cape,50000.0,89.0,Active,,policies.csv,2026-09-03 13:30:17
POL001701,PART005,PRD009,2025-09-03,1975-09-03,M,Gauteng,195500.0,821.1,Active,,policies.csv,2026-09-03 13:30:17
POL001702,PART002,PRD003,2025-08-17,1987-08-17,M,Gauteng,100000.0,178.0,Active,,policies.csv,2026-09-03 13:30:17
POL001703,PART001,PRD001,2026-01-31,1964-01-31,M,Eastern Cape,20600.0,98.88,Active,,policies.csv,2026-09-03 13:30:17
POL001704,PART005,PRD010,2026-01-25,1971-01-25,F,KwaZulu-Natal,245200.0,858.2,Active,,policies.csv,2026-09-03 13:30:17
POL001705,PART002,PRD004,2026-02-25,1977-02-25,F,Gauteng,100000.0,149.0,Active,,policies.csv,2026-09-03 13:30:17
POL001706,PART002,PRD003,2025-11-20,1993-11-20,F,Gauteng,25000.0,44.5,Active,,policies.csv,2026-09-03 13:30:17
POL001707,PART002,PRD003,2025-09-07,1983-09-07,M,Limpopo,100000.0,178.0,Active,,policies.csv,2026-09-03 13:30:17
POL001708,PART004,PRD008,2025-09-19,1987-09-19,M,Western Cape,100000.0,158.67,Cancelled,2026-01-19,policies.csv,2026-09-03 13:30:17
POL001709,PART001,PRD002,2025-10-21,1979-10-21,F,Gauteng,82000.0,508.4,Cancelled,2026-04-21,policies.csv,2026-09-03 13:30:17
POL001710,PART002,PRD004,2025-11-07,1971-11-07,M,Eastern Cape,75000.0,111.75,Lapsed,2026-06-30,policies.csv,2026-09-03 13:30:17
POL001711,PART005,PRD009,2026-04-03,2003-04-03,F,Mpumalanga,87200.0,366.24,Active,,policies.csv,2026-09-03 13:30:17
POL001712,PART005,PRD009,2026-04-11,1965-04-11,M,KwaZulu-Natal,93700.0,393.54,Active,,policies.csv,2026-09-03 13:30:17
POL001713,PART001,PRD002,2026-01-02,1975-01-02,M,Mpumalanga,55700.0,345.34,Cancelled,2026-03-02,policies.csv,2026-09-03 13:30:17
POL001714,PART005,PRD009,2025-07-05,1995-07-05,M,Gauteng,116600.0,489.72,Active,,policies.csv,2026-09-03 13:30:17
POL001715,PART004,PRD007,2026-01-29,2003-01-29,F,Mpumalanga,121600.0,595.84,Active,,policies.csv,2026-09-03 13:30:17
POL001716,PART001,PRD002,2025-10-15,1992-10-15,F,Limpopo,98600.0,611.32,Active,,policies.csv,2026-09-03 13:30:17
POL001717,PART004,PRD008,2025-12-10,1979-12-10,M,KwaZulu-Natal,100000.0,158.67,Active,,policies.csv,2026-09-03 13:30:17
POL001718,PART002,PRD003,2026-02-03,2001-02-03,M,Free State,25000.0,44.5,Lapsed,2026-04-03,policies.csv,2026-09-03 13:30:17
POL001719,PART004,PRD008,2026-01-19,1991-01-19,M,Free State,75000.0,119.0,Active,,policies.csv,2026-09-03 13:30:17
POL001720,PART005,PRD010,2025-09-17,1998-09-17,F,North West,228700.0,800.45,Active,,policies.csv,2026-09-03 13:30:17
POL001721,PART004,PRD007,2026-04-23,1998-04-23,F,Gauteng,126800.0,621.32,Active,,policies.csv,2026-09-03 13:30:17
POL001722,PART005,PRD009,2025-11-27,1980-11-27,M,North West,259700.0,1090.74,Active,,policies.csv,2026-09-03 13:30:17
POL001723,PART001,PRD002,2025-10-25,1990-10-25,F,Western Cape,105000.0,651.0,Active,,policies.csv,2026-09-03 13:30:17
POL001724,PART004,PRD008,2025-07-17,1989-07-17,F,KwaZulu-Natal,25000.0,39.67,Lapsed,2025-11-17,policies.csv,2026-09-03 13:30:17
POL001725,PART002,PRD004,2025-11-21,1965-11-21,F,KwaZulu-Natal,25000.0,37.25,Cancelled,2026-03-21,policies.csv,2026-09-03 13:30:17
POL001726,PART004,PRD007,2025-07-25,1985-07-25,F,Western Cape,196700.0,963.83,Lapsed,2025-11-25,policies.csv,2026-09-03 13:30:17
POL001727,PART002,PRD003,2025-10-24,1979-10-24,F,Gauteng,25000.0,44.5,Active,,policies.csv,2026-09-03 13:30:17
POL001728,PART002,PRD004,2025-10-17,1970-10-17,M,Western Cape,75000.0,111.75,Active,,policies.csv,2026-09-03 13:30:17
POL001729,PART003,PRD006,2025-08-31,1980-08-31,M,Eastern Cape,146000.0,963.6,Active,,policies.csv,2026-09-03 13:30:17
POL001730,PART005,PRD009,2025-12-26,1977-12-26,F,Gauteng,276100.0,1159.62,Active,,policies.csv,2026-09-03 13:30:17
POL001731,PART005,PRD009,2026-01-11,1989-01-11,M,Gauteng,120800.0,507.36,Active,,policies.csv,2026-09-03 13:30:17
POL001732,PART002,PRD003,2025-12-04,1965-12-04,M,Eastern Cape,25000.0,44.5,Active,,policies.csv,2026-09-03 13:30:17
POL001733,PART002,PRD004,2025-07-21,1982-07-21,M,Limpopo,25000.0,37.25,Active,,policies.csv,2026-09-03 13:30:17
POL001734,PART004,PRD008,2025-11-26,1999-11-26,F,Western Cape,75000.0,119.0,Lapsed,2026-01-26,policies.csv,2026-09-03 13:30:17
POL001735,PART001,PRD002,2025-08-03,2000-08-03,F,Eastern Cape,140600.0,871.72,Active,,policies.csv,2026-09-03 13:30:17
POL001736,PART003,PRD006,2025-10-16,1965-10-16,M,Western Cape,51000.0,336.6,Active,,policies.csv,2026-09-03 13:30:17
POL001737,PART003,PRD005,2025-11-12,1975-11-12,M,Western Cape,38500.0,211.75,Active,,policies.csv,2026-09-03 13:30:17
POL001738,PART002,PRD003,2026-03-28,1975-03-28,M,Gauteng,75000.0,133.5,Active,,policies.csv,2026-09-03 13:30:17
POL001739,PART005,PRD009,2025-08-14,1968-08-14,M,Western Cape,179200.0,752.64,Active,,policies.csv,2026-09-03 13:30:17
POL001740,PART002,PRD003,2026-01-04,1991-01-04,F,Gauteng,25000.0,44.5,Active,,policies.csv,2026-09-03 13:30:17
POL001741,PART002,PRD003,2025-08-15,1998-08-15,F,Western Cape,75000.0,133.5,Active,,policies.csv,2026-09-03 13:30:17
POL001742,PART003,PRD005,2025-11-19,1978-11-19,M,Western Cape,44400.0,244.2,Active,,policies.csv,2026-09-03 13:30:17
POL001743,PART004,PRD007,2025-11-06,1994-11-06,F,Western Cape,64000.0,313.6,Active,,policies.csv,2026-09-03 13:30:17
POL001744,PART004,PRD007,2026-01-13,2003-01-13,F,Western Cape,124300.0,609.07,Active,,policies.csv,2026-09-03 13:30:17
POL001745,PART002,PRD004,2025-09-20,1980-09-20,M,Limpopo,25000.0,37.25,Lapsed,2025-11-20,policies.csv,2026-09-03 13:30:17
POL001746,PART004,PRD008,2026-03-09,2003-03-09,M,Western Cape,25000.0,39.67,Cancelled,2026-06-30,policies.csv,2026-09-03 13:30:17
POL001747,PART004,PRD008,2025-07-30,2004-07-30,F,Gauteng,50000.0,79.33,Active,,policies.csv,2026-09-03 13:30:17
POL001748,PART005,PRD009,2026-04-25,1989-04-25,F,Western Cape,78200.0,328.44,Active,,policies.csv,2026-09-03 13:30:17
POL001749,PART004,PRD008,2025-12-03,1990-12-03,F,KwaZulu-Natal,50000.0,79.33,Active,,policies.csv,2026-09-03 13:30:17
POL001750,PART004,PRD008,2026-03-06,1984-03-06,M,KwaZulu-Natal,75000.0,119.0,Cancelled,2026-06-30,policies.csv,2026-09-03 13:30:17
POL001751,PART003,PRD006,2025-10-24,1970-10-24,M,Western Cape,96200.0,634.92,Active,,policies.csv,2026-09-03 13:30:17
POL001752,PART001,PRD002,2026-04-04,1984-04-04,F,KwaZulu-Natal,42300.0,262.26,Active,,policies.csv,2026-09-03 13:30:17
POL001753,PART002,PRD003,2026-02-28,1975-02-28,F,Western Cape,100000.0,178.0,Active,,policies.csv,2026-09-03 13:30:17
POL001754,PART002,PRD003,2025-11-12,1970-11-12,M,Gauteng,50000.0,89.0,Active,,policies.csv,2026-09-03 13:30:17
POL001755,PART001,PRD002,2025-12-16,1983-12-16,F,KwaZulu-Natal,138700.0,859.94,Active,,policies.csv,2026-09-03 13:30:17
POL001756,PART002,PRD003,2025-11-05,1991-11-05,F,Western Cape,100000.0,178.0,Active,,policies.csv,2026-09-03 13:30:17
POL001757,PART002,PRD004,2025-07-23,1982-07-23,M,Gauteng,50000.0,74.5,Active,,policies.csv,2026-09-03 13:30:17
POL001758,PART001,PRD002,2026-04-12,2005-04-12,M,North West,41800.0,259.16,Active,,policies.csv,2026-09-03 13:30:17
POL001759,PART005,PRD010,2025-09-17,1979-09-17,F,Limpopo,198300.0,694.05,Lapsed,2026-02-17,policies.csv,2026-09-03 13:30:17
POL001760,PART001,PRD001,2025-08-18,1969-08-18,F,Western Cape,42500.0,204.0,Lapsed,2026-04-18,policies.csv,2026-09-03 13:30:17
POL001761,PART004,PRD007,2025-12-14,1978-12-14,F,Gauteng,62100.0,304.29,Active,,policies.csv,2026-09-03 13:30:17
POL001762,PART001,PRD002,2025-08-06,1972-08-06,F,Gauteng,38900.0,241.18,Lapsed,2025-12-06,policies.csv,2026-09-03 13:30:17
POL001763,PART004,PRD007,2025-09-11,1973-09-11,M,Gauteng,131300.0,643.37,Active,,policies.csv,2026-09-03 13:30:17
POL001764,PART002,PRD004,2025-09-02,1994-09-02,M,Western Cape,50000.0,74.5,Cancelled,2025-10-02,policies.csv,2026-09-03 13:30:17
POL001765,PART001,PRD002,2025-10-20,1967-10-20,M,KwaZulu-Natal,136000.0,843.2,Cancelled,2026-02-20,policies.csv,2026-09-03 13:30:17
POL001766,PART004,PRD007,2026-03-08,2005-03-08,M,KwaZulu-Natal,147400.0,722.26,Active,,policies.csv,2026-09-03 13:30:17
POL001767,PART004,PRD007,2026-01-21,1980-01-21,M,KwaZulu-Natal,162900.0,798.21,Active,,policies.csv,2026-09-03 13:30:17
POL001768,PART003,PRD006,2025-08-06,1971-08-06,F,KwaZulu-Natal,131300.0,866.58,Active,,policies.csv,2026-09-03 13:30:17
POL001769,PART001,PRD002,2026-03-30,1963-03-30,F,Gauteng,114100.0,707.42,Cancelled,2026-06-30,policies.csv,2026-09-03 13:30:17
POL001770,PART004,PRD007,2025-12-14,1999-12-14,M,Gauteng,161100.0,789.39,Active,,policies.csv,2026-09-03 13:30:17
POL001771,PART004,PRD007,2025-08-08,1965-08-08,M,KwaZulu-Natal,70300.0,344.47,Active,,policies.csv,2026-09-03 13:30:17
POL001772,PART003,PRD005,,1989-11-29,F,Gauteng,56100.0,308.55,Cancelled,2026-03-28,policies.csv,2026-09-03 13:30:17
POL001773,PART004,PRD008,2025-11-07,1980-11-07,M,Gauteng,75000.0,119.0,Active,,policies.csv,2026-09-03 13:30:17
POL001774,PART004,PRD008,2025-12-30,1972-12-30,F,Eastern Cape,75000.0,119.0,Active,,policies.csv,2026-09-03 13:30:17
POL001775,PART005,PRD009,2025-10-22,1973-10-22,F,Eastern Cape,146900.0,616.98,Active,,policies.csv,2026-09-03 13:30:17
POL001776,PART005,PRD010,2025-12-04,1977-12-04,M,Mpumalanga,191000.0,668.5,Active,,policies.csv,2026-09-03 13:30:17
POL001777,PART003,PRD005,2025-11-21,1965-11-21,M,Limpopo,64600.0,355.3,Active,,policies.csv,2026-09-03 13:30:17
POL001778,PART004,PRD008,2025-07-08,1997-07-08,F,Gauteng,25000.0,39.67,Active,,policies.csv,2026-09-03 13:30:17
POL001779,PART005,PRD010,2025-12-27,1987-12-27,M,Western Cape,81800.0,286.3,Active,,policies.csv,2026-09-03 13:30:17
POL001780,PART004,PRD007,2026-04-16,1970-04-16,M,KwaZulu-Natal,124000.0,607.6,Active,,policies.csv,2026-09-03 13:30:17
POL001781,PART002,PRD003,2026-04-04,1982-04-04,M,Gauteng,50000.0,89.0,Active,,policies.csv,2026-09-03 13:30:17
POL001782,PART002,PRD004,2025-08-17,1977-08-17,M,Gauteng,25000.0,37.25,Cancelled,2025-11-17,policies.csv,2026-09-03 13:30:17
POL001784,PART003,PRD005,2025-09-09,1969-09-09,M,Gauteng,60600.0,333.3,Active,,policies.csv,2026-09-03 13:30:17
POL001785,PART003,PRD006,2025-09-25,1968-09-25,F,Western Cape,166400.0,1098.24,Active,,policies.csv,2026-09-03 13:30:17
POL001786,PART005,PRD010,2026-04-09,1966-04-09,M,Eastern Cape,224100.0,784.35,Active,,policies.csv,2026-09-03 13:30:17
POL001787,PART005,PRD009,2026-01-27,1969-01-27,M,Free State,236700.0,994.14,Lapsed,2026-04-27,policies.csv,2026-09-03 13:30:17
POL001788,PART004,PRD008,2025-10-04,1991-10-04,F,Western Cape,50000.0,79.33,Active,,policies.csv,2026-09-03 13:30:17
POL001789,PART003,PRD006,2025-10-22,1999-10-22,F,Western Cape,112200.0,740.52,Cancelled,2026-02-22,policies.csv,2026-09-03 13:30:17
POL001790,PART005,PRD009,2026-04-22,1968-04-22,F,Gauteng,227600.0,955.92,Active,,policies.csv,2026-09-03 13:30:17
POL001791,PART004,PRD007,2026-02-04,1979-02-04,F,Gauteng,195800.0,959.42,Active,,policies.csv,2026-09-03 13:30:17
POL001792,PART005,PRD010,2025-11-11,1997-11-11,M,Mpumalanga,63500.0,222.25,Active,,policies.csv,2026-09-03 13:30:17
POL001793,PART004,PRD008,2025-11-03,1991-11-03,F,Western Cape,100000.0,158.67,Active,,policies.csv,2026-09-03 13:30:17
POL001794,PART004,PRD007,2025-09-11,1971-09-11,F,Eastern Cape,175800.0,861.42,Active,,policies.csv,2026-09-03 13:30:17
POL001795,PART002,PRD004,2026-01-24,1971-01-24,M,Gauteng,25000.0,37.25,Active,,policies.csv,2026-09-03 13:30:17
POL001796,PART004,PRD007,2026-03-11,1978-03-11,M,Eastern Cape,147200.0,721.28,Cancelled,2026-06-30,policies.csv,2026-09-03 13:30:17
POL001797,PART004,PRD007,2025-10-01,1974-10-01,F,North West,135800.0,665.42,Active,,policies.csv,2026-09-03 13:30:17
POL001798,PART003,PRD006,2026-03-20,1986-03-20,F,North West,172100.0,1135.86,Active,,policies.csv,2026-09-03 13:30:17
POL001799,PART004,PRD008,2025-10-19,1989-10-19,F,Western Cape,50000.0,79.33,Active,,policies.csv,2026-09-03 13:30:17
POL001800,PART001,PRD002,2025-08-23,1985-08-23,F,KwaZulu-Natal,117700.0,729.74,Active,,policies.csv,2026-09-03 13:30:17
POL001802,PART001,PRD002,2026-04-27,2005-04-27,F,Mpumalanga,124900.0,774.38,Active,,policies.csv,2026-09-03 13:30:17
POL001803,PART004,PRD007,2025-12-24,1996-12-24,F,KwaZulu-Natal,155200.0,760.48,Active,,policies.csv,2026-09-03 13:30:17
POL001804,PART005,PRD009,2025-10-22,1991-10-22,F,KwaZulu-Natal,162200.0,681.24,Active,,policies.csv,2026-09-03 13:30:17
POL001805,PART001,PRD001,2026-02-22,1963-02-22,F,Gauteng,47600.0,228.48,Active,,policies.csv,2026-09-03 13:30:17
POL001806,PART004,PRD008,2025-12-07,1986-12-07,M,KwaZulu-Natal,25000.0,39.67,Active,,policies.csv,2026-09-03 13:30:17
POL001807,PART002,PRD004,2026-02-01,1999-02-01,F,Eastern Cape,100000.0,149.0,Active,,policies.csv,2026-09-03 13:30:17
POL001808,PART003,PRD006,2025-09-01,1971-09-01,M,Eastern Cape,147100.0,970.86,Active,,policies.csv,2026-09-03 13:30:17
POL001809,PART005,PRD009,2025-07-18,1963-07-18,F,Gauteng,75300.0,316.26,Active,,policies.csv,2026-09-03 13:30:17
POL001810,PART004,PRD008,2025-10-03,1967-10-03,F,Limpopo,75000.0,119.0,Active,,policies.csv,2026-09-03 13:30:17
POL001811,PART002,PRD004,2026-01-06,1970-01-06,F,Gauteng,100000.0,149.0,Lapsed,2026-05-06,policies.csv,2026-09-03 13:30:17
POL001812,PART001,PRD002,2026-01-20,1982-01-20,F,KwaZulu-Natal,60800.0,376.96,Active,,policies.csv,2026-09-03 13:30:17
POL001813,PART004,PRD008,2026-03-11,1975-03-11,M,Western Cape,50000.0,79.33,Active,,policies.csv,2026-09-03 13:30:17
POL001814,PART002,PRD004,2025-07-15,1966-07-15,F,Western Cape,50000.0,74.5,Active,,policies.csv,2026-09-03 13:30:17
POL001815,PART004,PRD008,2026-03-26,1996-03-26,F,Gauteng,50000.0,79.33,Active,,policies.csv,2026-09-03 13:30:17
POL001816,PART003,PRD005,2025-07-17,1989-07-17,M,Gauteng,80200.0,441.1,Active,,policies.csv,2026-09-03 13:30:17
POL001817,PART003,PRD006,2026-03-28,1996-03-28,M,Gauteng,157000.0,1036.2,Active,,policies.csv,2026-09-03 13:30:17
POL001818,PART003,PRD006,2026-04-09,1985-04-09,M,Gauteng,188400.0,1243.44,Active,,policies.csv,2026-09-03 13:30:17
POL001819,PART002,PRD003,2026-04-21,2000-04-21,F,Free State,75000.0,133.5,Active,,policies.csv,2026-09-03 13:30:17
POL001820,PART005,PRD010,2026-01-28,1963-01-28,M,KwaZulu-Natal,80000.0,280.0,Active,,policies.csv,2026-09-03 13:30:17
POL001821,PART001,PRD002,2026-04-13,2003-04-13,F,Western Cape,119900.0,743.38,Active,,policies.csv,2026-09-03 13:30:17
POL001822,PART002,PRD004,2025-08-10,1964-08-10,F,Eastern Cape,100000.0,149.0,Active,,policies.csv,2026-09-03 13:30:17
POL001823,PART004,PRD007,2025-09-21,1970-09-21,F,Western Cape,101800.0,498.82,Active,,policies.csv,2026-09-03 13:30:17
POL001824,PART004,PRD007,2025-07-01,1961-07-01,M,KwaZulu-Natal,128400.0,629.16,Cancelled,2025-11-01,policies.csv,2026-09-03 13:30:17
POL001825,PART002,PRD003,2025-11-21,1980-11-21,F,Gauteng,75000.0,133.5,Active,,policies.csv,2026-09-03 13:30:17
POL001826,PART004,PRD007,2025-08-20,2001-08-20,F,Eastern Cape,87200.0,427.28,Active,,policies.csv,2026-09-03 13:30:17
POL001827,PART005,PRD009,2025-07-10,1981-07-10,F,Gauteng,286300.0,1202.46,Lapsed,2025-10-10,policies.csv,2026-09-03 13:30:17
POL001828,PART004,PRD008,2025-09-21,1992-09-21,F,North West,25000.0,39.67,Active,,policies.csv,2026-09-03 13:30:17
POL001829,PART001,PRD001,2025-12-17,1975-12-17,F,Gauteng,66900.0,321.12,Active,,policies.csv,2026-09-03 13:30:17
POL001830,PART002,PRD003,2025-11-09,1995-11-09,M,Western Cape,50000.0,89.0,Active,,policies.csv,2026-09-03 13:30:17
POL001831,PART005,PRD010,2025-08-09,1980-08-09,M,KwaZulu-Natal,105000.0,367.5,Active,,policies.csv,2026-09-03 13:30:17
POL001832,PART001,PRD002,2026-01-19,1981-01-19,F,Gauteng,69800.0,432.76,Lapsed,2026-06-19,policies.csv,2026-09-03 13:30:17
POL001833,PART001,PRD001,2026-04-24,1967-04-24,F,North West,62400.0,299.52,Active,,policies.csv,2026-09-03 13:30:17
POL001834,PART005,PRD009,2025-07-19,1971-07-19,M,Gauteng,293700.0,1233.54,Lapsed,2025-11-19,policies.csv,2026-09-03 13:30:17
POL001835,PART001,PRD002,2025-10-03,2003-10-03,F,Limpopo,131700.0,816.54,Active,,policies.csv,2026-09-03 13:30:17
POL001836,PART002,PRD003,2025-08-01,1971-08-01,F,Gauteng,100000.0,178.0,Lapsed,2025-12-01,policies.csv,2026-09-03 13:30:17
POL001837,PART005,PRD009,2025-08-11,1968-08-11,F,Western Cape,165400.0,694.68,Active,,policies.csv,2026-09-03 13:30:17
POL001838,PART001,PRD001,2025-10-18,2004-10-18,F,Eastern Cape,46900.0,225.12,Active,,policies.csv,2026-09-03 13:30:17
POL001839,PART003,PRD006,2025-10-04,1961-10-04,F,Gauteng,117100.0,772.86,Active,,policies.csv,2026-09-03 13:30:17
POL001840,PART001,PRD001,2026-01-21,2001-01-21,M,Gauteng,63100.0,302.88,Active,,policies.csv,2026-09-03 13:30:17
POL001841,PART004,PRD008,2025-07-13,1961-07-13,F,Gauteng,50000.0,79.33,Active,,policies.csv,2026-09-03 13:30:17
POL001842,PART003,PRD005,2026-01-07,1976-01-07,M,Limpopo,59200.0,325.6,Active,,policies.csv,2026-09-03 13:30:17
POL001843,PART005,PRD010,2026-03-27,1967-03-27,F,KwaZulu-Natal,86800.0,303.8,Active,,policies.csv,2026-09-03 13:30:17
POL001844,PART002,PRD003,2025-10-22,1986-10-22,M,Gauteng,100000.0,178.0,Lapsed,2026-06-22,policies.csv,2026-09-03 13:30:17
POL001845,PART003,PRD006,2026-03-27,1974-03-27,F,Eastern Cape,139200.0,918.72,Cancelled,2026-06-30,policies.csv,2026-09-03 13:30:17
POL001846,PART001,PRD002,2025-09-29,1964-09-29,F,Free State,118600.0,735.32,Active,,policies.csv,2026-09-03 13:30:17
POL001847,PART002,PRD003,2025-11-15,1982-11-15,F,Eastern Cape,75000.0,133.5,Active,,policies.csv,2026-09-03 13:30:17
POL001848,PART002,PRD003,2025-07-03,2004-07-03,F,Gauteng,50000.0,89.0,Lapsed,2026-02-03,policies.csv,2026-09-03 13:30:17
POL001849,PART003,PRD005,2026-03-02,1966-03-02,F,Gauteng,87200.0,479.6,Active,,policies.csv,2026-09-03 13:30:17
POL001850,PART001,PRD001,2026-02-13,2003-02-13,M,Gauteng,32500.0,156.0,Active,,policies.csv,2026-09-03 13:30:17
POL001851,PART003,PRD006,2025-07-14,1982-07-14,M,Gauteng,59900.0,395.34,Active,,policies.csv,2026-09-03 13:30:17
POL001852,PART003,PRD006,2026-03-16,1994-03-16,F,Gauteng,89600.0,591.36,Active,,policies.csv,2026-09-03 13:30:17
POL001853,PART001,PRD002,2026-02-08,1980-02-08,M,Eastern Cape,131300.0,814.06,Active,,policies.csv,2026-09-03 13:30:17
POL001854,PART002,PRD004,2025-09-27,1966-09-27,F,Gauteng,50000.0,74.5,Active,,policies.csv,2026-09-03 13:30:17
POL001855,PART003,PRD006,2025-08-14,1988-08-14,M,Mpumalanga,79000.0,521.4,Active,,policies.csv,2026-09-03 13:30:17
POL001856,PART004,PRD007,2026-03-12,1968-03-12,F,North West,55700.0,272.93,Cancelled,2026-06-12,policies.csv,2026-09-03 13:30:17
POL001857,PART004,PRD008,2026-04-25,1966-04-25,F,Gauteng,100000.0,158.67,Active,,policies.csv,2026-09-03 13:30:17
POL001858,PART003,PRD005,2025-07-27,2005-07-27,F,Gauteng,72300.0,397.65,Active,,policies.csv,2026-09-03 13:30:17
POL001859,PART004,PRD007,2026-02-09,1974-02-09,F,Gauteng,77000.0,377.3,Active,,policies.csv,2026-09-03 13:30:17
POL001860,PART005,PRD010,2025-07-27,1962-07-27,F,Western Cape,232800.0,814.8,Active,,policies.csv,2026-09-03 13:30:17
POL001861,PART001,PRD002,,1970-08-05,F,Western Cape,95700.0,593.34,Lapsed,2026-03-05,policies.csv,2026-09-03 13:30:17
POL001862,PART004,PRD008,2026-03-21,1982-03-21,M,North West,50000.0,79.33,Active,,policies.csv,2026-09-03 13:30:17
POL001863,PART004,PRD008,2026-04-21,1974-04-21,F,Gauteng,25000.0,39.67,Active,,policies.csv,2026-09-03 13:30:17
POL001864,PART005,PRD009,2025-07-11,1962-07-11,F,North West,160700.0,674.94,Active,,policies.csv,2026-09-03 13:30:17
POL001865,PART002,PRD003,2025-09-08,1979-09-08,M,Western Cape,75000.0,133.5,Active,,policies.csv,2026-09-03 13:30:17
POL001866,PART001,PRD001,,1991-02-09,F,KwaZulu-Natal,39300.0,188.64,Active,,policies.csv,2026-09-03 13:30:17
POL001867,PART004,PRD008,2026-03-12,1996-03-12,M,Eastern Cape,25000.0,39.67,Active,,policies.csv,2026-09-03 13:30:17
POL001868,PART005,PRD010,2025-10-17,1995-10-17,M,Gauteng,181200.0,634.2,Active,,policies.csv,2026-09-03 13:30:17
POL001869,PART001,PRD001,2025-08-17,1979-08-17,F,Gauteng,51500.0,247.2,Active,,policies.csv,2026-09-03 13:30:17
POL001870,PART001,PRD001,2025-11-15,1974-11-15,F,Western Cape,53500.0,256.8,Cancelled,2026-06-15,policies.csv,2026-09-03 13:30:17
POL001871,PART005,PRD010,2026-04-05,2003-04-05,M,Free State,215700.0,754.95,Active,,policies.csv,2026-09-03 13:30:17
POL001872,PART001,PRD002,2026-02-10,1989-02-10,M,Limpopo,91200.0,565.44,Active,,policies.csv,2026-09-03 13:30:17
POL001873,PART004,PRD007,2025-11-18,1991-11-18,F,Gauteng,157300.0,770.77,Active,,policies.csv,2026-09-03 13:30:17
POL001874,PART004,PRD007,2026-02-07,1980-02-07,M,Free State,84200.0,412.58,Active,,policies.csv,2026-09-03 13:30:17
POL001875,PART002,PRD003,2025-09-13,1994-09-13,M,Western Cape,75000.0,133.5,Active,,policies.csv,2026-09-03 13:30:17
POL001876,PART003,PRD006,2026-02-25,1997-02-25,F,Limpopo,81400.0,537.24,Lapsed,2026-06-30,policies.csv,2026-09-03 13:30:17
POL001877,PART005,PRD010,2025-10-03,1985-10-03,F,Western Cape,218600.0,765.1,Active,,policies.csv,2026-09-03 13:30:17
POL001879,PART001,PRD001,2025-10-18,2000-10-18,F,Western Cape,49200.0,236.16,Active,,policies.csv,2026-09-03 13:30:17
POL001880,PART004,PRD008,2025-09-13,2005-09-13,F,Gauteng,75000.0,119.0,Active,,policies.csv,2026-09-03 13:30:17
POL001881,PART003,PRD006,2025-07-28,2002-07-28,M,Eastern Cape,144900.0,956.34,Active,,policies.csv,2026-09-03 13:30:17
POL001882,PART005,PRD009,2025-11-27,1970-11-27,F,Eastern Cape,267300.0,1122.66,Lapsed,2026-04-27,policies.csv,2026-09-03 13:30:17
POL001883,PART003,PRD005,2025-12-13,1978-12-13,F,Western Cape,31400.0,172.7,Active,,policies.csv,2026-09-03 13:30:17
POL001884,PART004,PRD007,2026-02-24,1993-02-24,F,Gauteng,156200.0,765.38,Active,,policies.csv,2026-09-03 13:30:17
POL001885,PART004,PRD007,2025-08-20,1988-08-20,F,KwaZulu-Natal,144600.0,708.54,Active,,policies.csv,2026-09-03 13:30:17
POL001886,PART002,PRD003,2025-09-01,1988-09-01,M,KwaZulu-Natal,100000.0,178.0,Lapsed,2026-03-01,policies.csv,2026-09-03 13:30:17
POL001887,PART001,PRD001,2026-04-20,1979-04-20,F,Gauteng,44600.0,214.08,Active,,policies.csv,2026-09-03 13:30:17
POL001888,PART003,PRD006,2025-12-20,1979-12-20,F,Gauteng,185600.0,1224.96,Active,,policies.csv,2026-09-03 13:30:17
POL001889,PART005,PRD010,2025-08-25,1989-08-25,F,Limpopo,114500.0,400.75,Active,,policies.csv,2026-09-03 13:30:17
POL001890,PART004,PRD008,2026-03-25,1968-03-25,M,Western Cape,50000.0,79.33,Active,,policies.csv,2026-09-03 13:30:17
POL001891,PART004,PRD999,2025-09-14,1989-09-14,M,North West,126100.0,617.89,Lapsed,2026-01-14,policies.csv,2026-09-03 13:30:17
POL001892,PART001,PRD001,2026-02-18,1988-02-18,F,Eastern Cape,31500.0,151.2,Active,,policies.csv,2026-09-03 13:30:17
POL001893,PART002,PRD003,2026-03-09,1980-03-09,F,Gauteng,50000.0,89.0,Cancelled,2026-06-30,policies.csv,2026-09-03 13:30:17
POL001894,PART002,PRD004,2025-07-08,1961-07-08,F,Gauteng,75000.0,111.75,Active,,policies.csv,2026-09-03 13:30:17
POL001895,PART003,PRD005,2025-07-10,1982-07-10,F,Gauteng,50600.0,278.3,Active,,policies.csv,2026-09-03 13:30:17
POL001896,PART001,PRD001,2025-07-30,1999-07-30,F,North West,34400.0,165.12,Active,,policies.csv,2026-09-03 13:30:17
POL001897,PART003,PRD005,2025-12-12,2003-12-12,F,Limpopo,94700.0,520.85,Active,,policies.csv,2026-09-03 13:30:17
POL001898,PART004,PRD007,2026-03-13,2004-03-13,F,Gauteng,119700.0,586.53,Active,,policies.csv,2026-09-03 13:30:17
POL001899,PART005,PRD010,2025-08-21,1996-08-21,F,Free State,202600.0,709.1,Active,,policies.csv,2026-09-03 13:30:17
POL001900,PART002,PRD999,2025-12-14,2002-12-14,M,Gauteng,50000.0,89.0,Active,,policies.csv,2026-09-03 13:30:17
POL001901,PART001,PRD002,2026-01-11,1976-01-11,F,Western Cape,51100.0,316.82,Lapsed,2026-06-30,policies.csv,2026-09-03 13:30:17
POL001902,PART005,PRD010,2026-02-11,1962-02-11,F,Gauteng,168400.0,589.4,Active,,policies.csv,2026-09-03 13:30:17
POL001903,PART003,PRD006,2026-02-16,1995-02-16,M,KwaZulu-Natal,141200.0,931.92,Active,,policies.csv,2026-09-03 13:30:17
POL001904,PART001,PRD001,2026-01-06,1989-01-06,M,Western Cape,47200.0,226.56,Active,,policies.csv,2026-09-03 13:30:17
POL001905,PART005,PRD010,2025-08-26,1986-08-26,M,Gauteng,119600.0,418.6,Active,,policies.csv,2026-09-03 13:30:17
POL001906,PART003,PRD005,2025-11-24,1962-11-24,M,Western Cape,39300.0,216.15,Active,,policies.csv,2026-09-03 13:30:17
POL001907,PART005,PRD010,2025-10-13,1979-10-13,M,KwaZulu-Natal,132900.0,465.15,Active,,policies.csv,2026-09-03 13:30:17
POL001908,PART001,PRD002,2025-12-26,1989-12-26,F,Free State,78600.0,487.32,Active,,policies.csv,2026-09-03 13:30:17
POL001909,PART004,PRD008,2025-12-23,1991-12-23,F,Mpumalanga,75000.0,119.0,Lapsed,2026-06-30,policies.csv,2026-09-03 13:30:17
POL001910,PART001,PRD002,2025-10-23,1966-10-23,M,Western Cape,43000.0,266.6,Active,,policies.csv,2026-09-03 13:30:17
POL001911,PART003,PRD006,2026-04-10,1972-04-10,M,KwaZulu-Natal,133700.0,882.42,Active,,policies.csv,2026-09-03 13:30:17
POL001912,PART001,PRD001,2025-07-22,1984-07-22,M,Limpopo,45400.0,217.92,Lapsed,2026-01-22,policies.csv,2026-09-03 13:30:17
POL001913,PART003,PRD006,2026-01-16,1983-01-16,F,Eastern Cape,137600.0,908.16,Active,,policies.csv,2026-09-03 13:30:17
POL001914,PART001,PRD002,2026-04-19,1988-04-19,M,Western Cape,122400.0,758.88,Active,,policies.csv,2026-09-03 13:30:17
POL001915,PART003,PRD005,2026-01-11,1981-01-11,M,Gauteng,93800.0,515.9,Active,,policies.csv,2026-09-03 13:30:17
POL001916,PART003,PRD006,2025-12-17,1963-12-17,M,Western Cape,137400.0,906.84,Lapsed,2026-06-30,policies.csv,2026-09-03 13:30:17
POL001917,PART001,PRD002,2025-08-02,1994-08-02,M,Gauteng,115500.0,716.1,Active,,policies.csv,2026-09-03 13:30:17
POL001918,PART004,PRD008,2025-07-03,1987-07-03,F,Gauteng,75000.0,119.0,Active,,policies.csv,2026-09-03 13:30:17
POL001919,PART002,PRD003,2025-08-19,1984-08-19,F,Western Cape,100000.0,178.0,Active,,policies.csv,2026-09-03 13:30:17
POL001920,PART002,PRD004,,1973-11-02,F,KwaZulu-Natal,25000.0,37.25,Active,,policies.csv,2026-09-03 13:30:17
POL001921,PART002,PRD004,2025-10-11,1997-10-11,F,Western Cape,75000.0,111.75,Active,,policies.csv,2026-09-03 13:30:17
POL001922,PART002,PRD003,2025-11-22,1975-11-22,F,Western Cape,75000.0,133.5,Active,,policies.csv,2026-09-03 13:30:17
POL001923,PART002,PRD003,2025-09-15,2005-09-15,F,Gauteng,100000.0,178.0,Active,,policies.csv,2026-09-03 13:30:17
POL001924,PART002,PRD003,2025-09-16,1972-09-16,M,Gauteng,25000.0,44.5,Active,,policies.csv,2026-09-03 13:30:17
POL001925,PART003,PRD005,2025-07-06,1979-07-06,F,Gauteng,48000.0,264.0,Active,,policies.csv,2026-09-03 13:30:17
POL001926,PART001,PRD002,2025-08-23,1995-08-23,F,Western Cape,72500.0,449.5,Active,,policies.csv,2026-09-03 13:30:17
POL001927,PART004,PRD007,2025-11-19,1969-11-19,F,North West,75400.0,369.46,Active,,policies.csv,2026-09-03 13:30:17
POL001928,PART002,PRD003,2025-11-12,1975-11-12,M,Eastern Cape,100000.0,178.0,Active,,policies.csv,2026-09-03 13:30:17
POL001929,PART003,PRD005,2025-08-29,2004-08-29,F,North West,64700.0,355.85,Active,,policies.csv,2026-09-03 13:30:17
POL001930,PART004,PRD007,2025-12-31,1990-12-31,F,Gauteng,56700.0,277.83,Active,,policies.csv,2026-09-03 13:30:17
POL001931,PART001,PRD002,2026-02-15,1967-02-15,M,KwaZulu-Natal,109500.0,678.9,Active,,policies.csv,2026-09-03 13:30:17
POL001932,PART005,PRD009,2026-02-10,1989-02-10,F,Gauteng,113800.0,477.96,Active,,policies.csv,2026-09-03 13:30:17
POL001933,PART001,PRD002,2026-04-06,2001-04-06,M,Gauteng,101700.0,630.54,Active,,policies.csv,2026-09-03 13:30:17
POL001934,PART001,PRD002,2026-04-09,1998-04-09,M,Free State,79100.0,490.42,Active,,policies.csv,2026-09-03 13:30:17
POL001935,PART005,PRD009,2026-01-29,1973-01-29,F,Gauteng,253700.0,1065.54,Lapsed,2026-06-28,policies.csv,2026-09-03 13:30:17
POL001936,PART003,PRD005,2025-12-28,1986-12-28,F,North West,33600.0,184.8,Active,,policies.csv,2026-09-03 13:30:17
POL001937,PART001,PRD002,2026-01-19,2002-01-19,F,KwaZulu-Natal,97600.0,605.12,Active,,policies.csv,2026-09-03 13:30:17
POL001938,PART003,PRD006,2025-11-24,1999-11-24,M,Gauteng,145000.0,957.0,Active,,policies.csv,2026-09-03 13:30:17
POL001939,PART004,PRD007,2025-09-26,1977-09-26,F,Gauteng,51300.0,251.37,Active,,policies.csv,2026-09-03 13:30:17
POL001940,PART005,PRD009,2026-04-06,1981-04-06,M,Free State,271000.0,1138.2,Active,,policies.csv,2026-09-03 13:30:17
POL001941,PART005,PRD010,2025-08-04,1974-08-04,M,Gauteng,119500.0,418.25,Lapsed,2025-10-04,policies.csv,2026-09-03 13:30:17
POL001942,PART001,PRD001,2025-09-16,2003-09-16,F,Gauteng,59100.0,283.68,Lapsed,2026-03-16,policies.csv,2026-09-03 13:30:17
POL001943,PART002,PRD004,2025-10-27,1987-10-27,F,Western Cape,50000.0,74.5,Active,,policies.csv,2026-09-03 13:30:17
POL001944,PART001,PRD001,2026-01-26,1989-01-26,F,Limpopo,73100.0,350.88,Active,,policies.csv,2026-09-03 13:30:17
POL001945,PART001,PRD002,2026-03-26,2006-03-26,F,Mpumalanga,145200.0,900.24,Active,,policies.csv,2026-09-03 13:30:17
POL001946,PART003,PRD006,2026-02-06,1974-02-06,M,KwaZulu-Natal,150900.0,995.94,Active,,policies.csv,2026-09-03 13:30:17
POL001947,PART003,PRD006,2025-08-21,1989-08-21,F,Mpumalanga,107300.0,708.18,Active,,policies.csv,2026-09-03 13:30:17
POL001948,PART001,PRD002,2025-10-30,1975-10-30,M,Free State,40800.0,252.96,Active,,policies.csv,2026-09-03 13:30:17
POL001949,PART002,PRD004,2025-09-17,1974-09-17,M,Limpopo,100000.0,149.0,Lapsed,2026-04-17,policies.csv,2026-09-03 13:30:17
POL001951,PART004,PRD008,2026-03-15,1983-03-15,M,Gauteng,50000.0,79.33,Active,,policies.csv,2026-09-03 13:30:17
POL001952,PART001,PRD001,2025-08-03,1977-08-03,M,KwaZulu-Natal,72000.0,345.6,Active,,policies.csv,2026-09-03 13:30:17
POL001953,PART004,PRD007,2025-09-15,1995-09-15,F,Limpopo,196900.0,964.81,Active,,policies.csv,2026-09-03 13:30:17
POL001954,PART005,PRD009,2025-09-09,1991-09-09,M,Western Cape,274400.0,1152.48,Active,,policies.csv,2026-09-03 13:30:17
POL001955,PART005,PRD009,2025-08-30,1976-08-30,F,Limpopo,104600.0,439.32,Active,,policies.csv,2026-09-03 13:30:17
POL001956,PART003,PRD006,2026-02-27,1969-02-27,M,Mpumalanga,60500.0,399.3,Active,,policies.csv,2026-09-03 13:30:17
POL001957,PART001,PRD002,2026-01-22,1988-01-22,F,Western Cape,123400.0,765.08,Active,,policies.csv,2026-09-03 13:30:17
POL001958,PART002,PRD003,2025-07-12,2003-07-12,M,Gauteng,100000.0,178.0,Active,,policies.csv,2026-09-03 13:30:17
POL001959,PART003,PRD006,2025-10-01,1987-10-01,F,KwaZulu-Natal,73000.0,481.8,Active,,policies.csv,2026-09-03 13:30:17
POL001960,PART001,PRD001,2025-12-15,1988-12-15,M,Western Cape,46600.0,223.68,Active,,policies.csv,2026-09-03 13:30:17
POL001961,PART003,PRD005,2025-12-31,1980-12-31,M,Western Cape,75500.0,415.25,Active,,policies.csv,2026-09-03 13:30:17
POL001962,PART004,PRD008,2025-08-14,1991-08-14,F,Gauteng,100000.0,158.67,Active,,policies.csv,2026-09-03 13:30:17
POL001963,PART003,PRD006,2026-04-17,1996-04-17,M,Western Cape,61300.0,404.58,Active,,policies.csv,2026-09-03 13:30:17
POL001964,PART001,PRD002,2025-10-09,2002-10-09,F,Mpumalanga,90800.0,562.96,Active,,policies.csv,2026-09-03 13:30:17
POL001965,PART003,PRD006,2026-02-03,1978-02-03,F,Free State,169300.0,1117.38,Active,,policies.csv,2026-09-03 13:30:17
POL001966,PART003,PRD006,2025-11-11,1987-11-11,M,KwaZulu-Natal,134000.0,884.4,Lapsed,2026-04-11,policies.csv,2026-09-03 13:30:17
POL001967,PART001,PRD002,2026-02-18,1992-02-18,F,KwaZulu-Natal,94100.0,583.42,Active,,policies.csv,2026-09-03 13:30:17
POL001968,PART001,PRD001,2026-02-02,1968-02-02,F,Gauteng,26300.0,126.24,Active,,policies.csv,2026-09-03 13:30:17
POL001969,PART005,PRD010,2025-10-31,1981-10-31,M,Western Cape,200500.0,701.75,Active,,policies.csv,2026-09-03 13:30:17
POL001970,PART002,PRD004,2025-09-19,1981-09-19,F,Free State,100000.0,149.0,Active,,policies.csv,2026-09-03 13:30:17
POL001971,PART002,PRD004,2025-08-06,1996-08-06,M,Western Cape,25000.0,37.25,Cancelled,2026-02-06,policies.csv,2026-09-03 13:30:17
POL001972,PART001,PRD001,2026-02-16,2002-02-16,M,Gauteng,58000.0,278.4,Active,,policies.csv,2026-09-03 13:30:17
POL001973,PART005,PRD009,2026-03-20,1984-03-20,F,Eastern Cape,279900.0,1175.58,Cancelled,2026-06-20,policies.csv,2026-09-03 13:30:17
POL001974,PART003,PRD005,2025-08-31,1970-08-31,M,Limpopo,55100.0,303.05,Active,,policies.csv,2026-09-03 13:30:17
POL001975,PART004,PRD008,2026-03-20,2004-03-20,M,Limpopo,75000.0,119.0,Active,,policies.csv,2026-09-03 13:30:17
POL001976,PART002,PRD003,2025-08-02,1992-08-02,F,Gauteng,25000.0,44.5,Active,,policies.csv,2026-09-03 13:30:17
POL001977,PART002,PRD004,2026-04-12,1979-04-12,F,Eastern Cape,75000.0,111.75,Active,,policies.csv,2026-09-03 13:30:17
POL001978,PART001,PRD001,2025-10-13,1991-10-13,M,Limpopo,46200.0,221.76,Active,,policies.csv,2026-09-03 13:30:17
POL001979,PART003,PRD005,2025-08-27,1996-08-27,M,Western Cape,83800.0,460.9,Active,,policies.csv,2026-09-03 13:30:17
POL001980,PART004,PRD007,2026-03-18,1973-03-18,M,KwaZulu-Natal,94700.0,464.03,Cancelled,2026-06-18,policies.csv,2026-09-03 13:30:17
POL001981,PART003,PRD006,2026-04-01,2002-04-01,M,Gauteng,92600.0,611.16,Active,,policies.csv,2026-09-03 13:30:17
POL001982,PART003,PRD005,2026-02-22,1991-02-22,M,Gauteng,89700.0,493.35,Active,,policies.csv,2026-09-03 13:30:17
POL001983,PART005,PRD010,2025-09-15,1962-09-15,M,KwaZulu-Natal,244300.0,855.05,Active,,policies.csv,2026-09-03 13:30:17
POL001984,PART001,PRD002,2025-12-26,1979-12-26,M,Mpumalanga,117500.0,728.5,Active,,policies.csv,2026-09-03 13:30:17
POL001985,PART001,PRD001,2025-07-14,1991-07-14,M,KwaZulu-Natal,30500.0,146.4,Active,,policies.csv,2026-09-03 13:30:17
POL001986,PART002,PRD004,2025-10-16,1964-10-16,M,Gauteng,25000.0,37.25,Active,,policies.csv,2026-09-03 13:30:17
POL001987,PART003,PRD006,2025-10-23,1961-10-23,M,Limpopo,168600.0,1112.76,Active,,policies.csv,2026-09-03 13:30:17
POL001988,PART002,PRD004,2026-01-29,1979-01-29,F,Gauteng,25000.0,37.25,Active,,policies.csv,2026-09-03 13:30:17
POL001989,PART001,PRD999,2025-11-08,1998-11-08,F,Mpumalanga,70100.0,336.48,Active,,policies.csv,2026-09-03 13:30:17
POL001990,PART004,PRD007,2025-10-24,1978-10-24,M,Gauteng,182300.0,893.27,Active,,policies.csv,2026-09-03 13:30:17
POL001991,PART001,PRD001,2025-10-03,2002-10-03,M,Eastern Cape,37600.0,180.48,Active,,policies.csv,2026-09-03 13:30:17
POL001992,PART003,PRD005,2025-08-22,1976-08-22,F,Western Cape,35200.0,193.6,Active,,policies.csv,2026-09-03 13:30:17
POL001993,PART003,PRD006,2025-09-18,2000-09-18,F,KwaZulu-Natal,156300.0,1031.58,Active,,policies.csv,2026-09-03 13:30:17
POL001994,PART001,PRD002,2025-09-02,1983-09-02,M,North West,58300.0,361.46,Active,,policies.csv,2026-09-03 13:30:17
POL001995,PART002,PRD003,2025-11-25,2002-11-25,F,KwaZulu-Natal,75000.0,133.5,Active,,policies.csv,2026-09-03 13:30:17
POL001996,PART005,PRD010,2025-08-11,1962-08-11,F,Western Cape,207700.0,726.95,Active,,policies.csv,2026-09-03 13:30:17
POL001997,PART003,PRD006,2026-03-25,2000-03-25,F,Free State,177900.0,1174.14,Active,,policies.csv,2026-09-03 13:30:17
POL001998,PART004,PRD007,2026-01-01,1974-01-01,M,North West,69300.0,339.57,Active,,policies.csv,2026-09-03 13:30:17
POL001999,PART005,PRD009,2025-09-22,1979-09-22,M,KwaZulu-Natal,103200.0,433.44,Active,,policies.csv,2026-09-03 13:30:17
POL002000,PART002,PRD003,2026-02-18,1980-02-18,F,KwaZulu-Natal,100000.0,178.0,Active,,policies.csv,2026-09-03 13:30:17
POL002001,PART002,PRD003,2026-02-11,1965-02-11,M,Limpopo,100000.0,178.0,Lapsed,2026-06-30,policies.csv,2026-09-03 13:30:17
POL002002,PART005,PRD009,2025-07-20,1979-07-20,M,Gauteng,205300.0,862.26,Active,,policies.csv,2026-09-03 13:30:17
POL002003,PART001,PRD001,2025-07-24,1969-07-24,F,Gauteng,37900.0,181.92,Active,,policies.csv,2026-09-03 13:30:17
POL002004,PART004,PRD008,2026-04-25,1988-04-25,M,Gauteng,100000.0,158.67,Active,,policies.csv,2026-09-03 13:30:17
POL002005,PART001,PRD001,2026-02-09,1989-02-09,F,Gauteng,27900.0,133.92,Active,,policies.csv,2026-09-03 13:30:17
POL002006,PART001,PRD001,2025-08-31,1971-08-31,F,Western Cape,49300.0,236.64,Active,,policies.csv,2026-09-03 13:30:17
POL002007,PART005,PRD009,2026-02-06,1986-02-06,M,Gauteng,138300.0,580.86,Active,,policies.csv,2026-09-03 13:30:17
POL002008,PART005,PRD010,2025-07-06,2003-07-06,F,Western Cape,98600.0,345.1,Active,,policies.csv,2026-09-03 13:30:17
POL002009,PART005,PRD009,2025-08-20,1965-08-20,M,Western Cape,195000.0,819.0,Active,,policies.csv,2026-09-03 13:30:17
POL002010,PART001,PRD001,2026-04-07,1968-04-07,M,Gauteng,68400.0,328.32,Active,,policies.csv,2026-09-03 13:30:17
POL002011,PART004,PRD008,2025-08-26,1989-08-26,F,Gauteng,50000.0,79.33,Active,,policies.csv,2026-09-03 13:30:17
POL002012,PART003,PRD006,2026-01-23,1971-01-23,M,Gauteng,64900.0,428.34,Active,,policies.csv,2026-09-03 13:30:17
POL002013,PART004,PRD008,2025-09-11,1978-09-11,M,Eastern Cape,25000.0,39.67,Lapsed,2026-03-11,policies.csv,2026-09-03 13:30:17
POL002014,PART005,PRD009,2026-04-23,1997-04-23,M,Gauteng,282900.0,1188.18,Active,,policies.csv,2026-09-03 13:30:17
POL002015,PART003,PRD005,2026-03-30,1986-03-30,M,Gauteng,86200.0,474.1,Active,,policies.csv,2026-09-03 13:30:17
POL002016,PART005,PRD009,2026-02-25,1994-02-25,M,KwaZulu-Natal,159900.0,671.58,Active,,policies.csv,2026-09-03 13:30:17
POL002017,PART004,PRD007,2026-02-20,1974-02-20,F,Western Cape,147600.0,723.24,Lapsed,2026-06-30,policies.csv,2026-09-03 13:30:17
POL002018,PART005,PRD009,2026-02-01,2002-02-01,M,Gauteng,162900.0,684.18,Active,,policies.csv,2026-09-03 13:30:17
POL002019,PART005,PRD009,2025-10-17,2004-10-17,F,Western Cape,135200.0,567.84,Active,,policies.csv,2026-09-03 13:30:17
POL002020,PART005,PRD009,2026-01-11,1996-01-11,M,Mpumalanga,257300.0,1080.66,Active,,policies.csv,2026-09-03 13:30:17
POL002021,PART001,PRD002,2026-01-06,2005-01-06,F,Gauteng,63000.0,390.6,Active,,policies.csv,2026-09-03 13:30:17
POL002022,PART003,PRD006,2025-07-11,1981-07-11,M,Free State,119500.0,788.7,Active,,policies.csv,2026-09-03 13:30:17
POL002023,PART003,PRD006,2026-04-24,1985-04-24,F,Western Cape,156600.0,1033.56,Active,,policies.csv,2026-09-03 13:30:17
POL002024,PART001,PRD002,2026-02-23,1971-02-23,F,Free State,101900.0,631.78,Active,,policies.csv,2026-09-03 13:30:17
POL002025,PART003,PRD006,2025-11-30,1966-11-30,F,Western Cape,100500.0,663.3,Active,,policies.csv,2026-09-03 13:30:17
POL002026,PART005,PRD009,2026-01-29,1972-01-29,F,Gauteng,147800.0,620.76,Lapsed,2026-06-30,policies.csv,2026-09-03 13:30:17
POL002027,PART005,PRD010,2025-10-02,1989-10-02,M,Gauteng,244700.0,856.45,Active,,policies.csv,2026-09-03 13:30:17
POL002028,PART001,PRD002,2026-01-11,1980-01-11,M,Gauteng,134700.0,835.14,Active,,policies.csv,2026-09-03 13:30:17
POL002029,PART003,PRD005,2025-10-24,1989-10-24,F,Western Cape,67500.0,371.25,Active,,policies.csv,2026-09-03 13:30:17
POL002030,PART003,PRD006,2026-03-11,1979-03-11,M,KwaZulu-Natal,159100.0,1050.06,Active,,policies.csv,2026-09-03 13:30:17
POL002031,PART003,PRD006,2025-09-09,2000-09-09,M,Mpumalanga,101400.0,669.24,Active,,policies.csv,2026-09-03 13:30:17
POL002032,PART003,PRD005,2025-07-19,1987-07-19,M,Gauteng,89100.0,490.05,Lapsed,2026-02-19,policies.csv,2026-09-03 13:30:17
POL002033,PART003,PRD005,2026-04-10,1980-04-10,F,Free State,44500.0,244.75,Active,,policies.csv,2026-09-03 13:30:17
POL002034,PART005,PRD009,2025-07-28,1981-07-28,M,KwaZulu-Natal,100800.0,423.36,Active,,policies.csv,2026-09-03 13:30:17
POL002035,PART005,PRD009,2025-11-21,1990-11-21,M,North West,123000.0,516.6,Lapsed,2026-01-21,policies.csv,2026-09-03 13:30:17
POL002036,PART004,PRD007,2025-09-13,1975-09-13,M,Mpumalanga,93000.0,455.7,Active,,policies.csv,2026-09-03 13:30:17
POL002037,PART002,PRD004,2026-04-11,1988-04-11,F,Gauteng,50000.0,74.5,Active,,policies.csv,2026-09-03 13:30:17
POL002038,PART001,PRD002,2025-08-05,1988-08-05,M,Eastern Cape,72500.0,449.5,Active,,policies.csv,2026-09-03 13:30:17
POL002039,PART002,PRD003,2026-01-16,1998-01-16,M,Western Cape,25000.0,44.5,Active,,policies.csv,2026-09-03 13:30:17
POL002040,PART002,PRD003,2026-02-24,1982-02-24,M,Gauteng,75000.0,133.5,Lapsed,2026-06-24,policies.csv,2026-09-03 13:30:17
POL002041,PART003,PRD006,2026-02-15,1978-02-15,F,Gauteng,192300.0,1269.18,Active,,policies.csv,2026-09-03 13:30:17
POL002042,PART003,PRD005,2026-01-11,2004-01-11,F,Gauteng,84100.0,462.55,Active,,policies.csv,2026-09-03 13:30:17
POL002043,PART005,PRD009,2025-12-01,1994-12-01,F,Gauteng,180200.0,756.84,Active,,policies.csv,2026-09-03 13:30:17
POL002044,PART001,PRD002,2026-04-15,1977-04-15,M,Gauteng,94300.0,584.66,Active,,policies.csv,2026-09-03 13:30:17
POL002045,PART004,PRD007,2026-01-20,2001-01-20,F,Gauteng,164700.0,807.03,Active,,policies.csv,2026-09-03 13:30:17
POL002046,PART002,PRD003,2026-03-26,2003-03-26,M,Western Cape,50000.0,89.0,Active,,policies.csv,2026-09-03 13:30:17
POL002047,PART001,PRD001,2025-10-04,1998-10-04,F,Gauteng,26600.0,127.68,Active,,policies.csv,2026-09-03 13:30:17
POL002048,PART001,PRD001,2025-12-29,1982-12-29,F,Gauteng,41100.0,197.28,Active,,policies.csv,2026-09-03 13:30:17
POL002049,PART005,PRD009,2025-07-31,1980-07-31,F,Western Cape,155900.0,654.78,Active,,policies.csv,2026-09-03 13:30:17
POL002050,PART004,PRD007,2025-09-18,1972-09-18,M,Western Cape,90900.0,445.41,Active,,policies.csv,2026-09-03 13:30:17
POL002051,PART001,PRD002,2026-01-28,1980-01-28,M,Gauteng,76300.0,473.06,Active,,policies.csv,2026-09-03 13:30:17
POL002052,PART002,PRD004,2025-08-05,1984-08-05,M,KwaZulu-Natal,75000.0,111.75,Cancelled,2026-02-05,policies.csv,2026-09-03 13:30:17
POL002053,PART004,PRD007,2026-02-04,1993-02-04,M,Western Cape,182400.0,893.76,Active,,policies.csv,2026-09-03 13:30:17
POL002054,PART003,PRD006,2025-07-04,1984-07-04,M,Free State,166900.0,1101.54,Active,,policies.csv,2026-09-03 13:30:17
POL002055,PART005,PRD010,2025-07-26,1994-07-26,F,Free State,104800.0,366.8,Active,,policies.csv,2026-09-03 13:30:17
POL002056,PART001,PRD001,2026-01-13,1986-01-13,M,Gauteng,39700.0,190.56,Lapsed,2026-06-30,policies.csv,2026-09-03 13:30:17
POL002057,PART004,PRD007,2025-07-04,1986-07-04,F,Eastern Cape,62000.0,303.8,Active,,policies.csv,2026-09-03 13:30:17
POL002058,PART001,PRD001,2025-10-11,2004-10-11,F,Gauteng,27000.0,129.6,Active,,policies.csv,2026-09-03 13:30:17
POL002059,PART005,PRD010,2026-01-03,1990-01-03,M,Mpumalanga,200400.0,701.4,Active,,policies.csv,2026-09-03 13:30:17
POL002060,PART001,PRD001,2026-01-08,1988-01-08,F,North West,42500.0,204.0,Active,,policies.csv,2026-09-03 13:30:17
POL002061,PART005,PRD009,2026-03-22,1971-03-22,F,Gauteng,132000.0,554.4,Active,,policies.csv,2026-09-03 13:30:17
POL002062,PART004,PRD007,2025-12-13,1977-12-13,M,Gauteng,198900.0,974.61,Active,,policies.csv,2026-09-03 13:30:17
POL002063,PART004,PRD007,2025-10-09,1998-10-09,M,KwaZulu-Natal,185300.0,907.97,Active,,policies.csv,2026-09-03 13:30:17
POL002065,PART005,PRD009,2026-01-12,1969-01-12,M,Gauteng,103600.0,435.12,Lapsed,2026-04-12,policies.csv,2026-09-03 13:30:17
POL002066,PART003,PRD005,2025-11-22,1980-11-22,F,Eastern Cape,32600.0,179.3,Active,,policies.csv,2026-09-03 13:30:17
POL002067,PART005,PRD010,2026-03-14,1975-03-14,F,Eastern Cape,167900.0,587.65,Active,,policies.csv,2026-09-03 13:30:17
POL002068,PART002,PRD003,2026-04-18,2000-04-18,M,Gauteng,50000.0,89.0,Active,,policies.csv,2026-09-03 13:30:17
POL002069,PART004,PRD008,2026-04-06,1989-04-06,M,KwaZulu-Natal,50000.0,79.33,Active,,policies.csv,2026-09-03 13:30:17
POL002070,PART001,PRD001,2026-03-09,1987-03-09,M,Eastern Cape,58500.0,280.8,Active,,policies.csv,2026-09-03 13:30:17
POL002071,PART003,PRD005,2025-09-02,1968-09-02,M,Free State,38400.0,211.2,Active,,policies.csv,2026-09-03 13:30:17
POL002072,PART001,PRD001,2025-12-03,1989-12-03,F,Gauteng,62100.0,298.08,Active,,policies.csv,2026-09-03 13:30:17
POL002073,PART001,PRD001,2025-12-12,1980-12-12,F,Gauteng,64300.0,308.64,Active,,policies.csv,2026-09-03 13:30:17
POL002074,PART001,PRD002,2025-09-28,1998-09-28,F,Western Cape,60500.0,375.1,Active,,policies.csv,2026-09-03 13:30:17
POL002075,PART001,PRD002,2026-01-03,1991-01-03,M,Eastern Cape,143300.0,888.46,Active,,policies.csv,2026-09-03 13:30:17
POL002076,PART001,PRD002,2025-07-22,1991-07-22,M,KwaZulu-Natal,98200.0,608.84,Active,,policies.csv,2026-09-03 13:30:17
POL002077,PART004,PRD007,2025-07-04,1965-07-04,M,Gauteng,76900.0,376.81,Active,,policies.csv,2026-09-03 13:30:17
POL002078,PART004,PRD007,2025-09-29,1989-09-29,M,Western Cape,186400.0,913.36,Active,,policies.csv,2026-09-03 13:30:17
POL002079,PART002,PRD004,2025-10-02,1978-10-02,M,Limpopo,100000.0,149.0,Active,,policies.csv,2026-09-03 13:30:17
POL002080,PART001,PRD001,2025-11-23,1994-11-23,F,Gauteng,29200.0,140.16,Active,,policies.csv,2026-09-03 13:30:17
POL002081,PART003,PRD006,2025-11-21,1967-11-21,M,Western Cape,161700.0,1067.22,Lapsed,2026-02-21,policies.csv,2026-09-03 13:30:17
POL002082,PART005,PRD009,2025-09-14,1966-09-14,M,Mpumalanga,107400.0,451.08,Active,,policies.csv,2026-09-03 13:30:17
POL002083,PART005,PRD009,2026-01-23,1970-01-23,F,Gauteng,257100.0,1079.82,Cancelled,2026-06-30,policies.csv,2026-09-03 13:30:17
POL002084,PART003,PRD006,2026-04-10,1975-04-10,F,KwaZulu-Natal,177200.0,1169.52,Active,,policies.csv,2026-09-03 13:30:17
POL002085,PART005,PRD010,2025-08-16,1982-08-16,F,Gauteng,189600.0,663.6,Active,,policies.csv,2026-09-03 13:30:17
POL002086,PART004,PRD007,2025-07-06,1987-07-06,F,Free State,104800.0,513.52,Lapsed,2026-03-06,policies.csv,2026-09-03 13:30:17
POL002087,PART001,PRD002,2026-01-26,1963-01-26,F,KwaZulu-Natal,55700.0,345.34,Lapsed,2026-06-30,policies.csv,2026-09-03 13:30:17
POL002088,PART001,PRD002,2026-04-26,2005-04-26,F,North West,61300.0,380.06,Active,,policies.csv,2026-09-03 13:30:17
POL002089,PART005,PRD009,2026-03-28,2004-03-28,F,Gauteng,111100.0,466.62,Active,,policies.csv,2026-09-03 13:30:17
POL002090,PART001,PRD002,2025-10-12,1980-10-12,F,Western Cape,42100.0,261.02,Active,,policies.csv,2026-09-03 13:30:17
POL002091,PART002,PRD003,2026-01-29,2003-01-29,F,Gauteng,25000.0,44.5,Active,,policies.csv,2026-09-03 13:30:17
POL002092,PART005,PRD010,2025-08-26,1979-08-26,M,Gauteng,106500.0,372.75,Active,,policies.csv,2026-09-03 13:30:17
POL002093,PART004,PRD008,2026-03-30,2006-03-30,F,Limpopo,100000.0,158.67,Active,,policies.csv,2026-09-03 13:30:17
POL002094,PART004,PRD007,2025-12-07,1998-12-07,F,Gauteng,89500.0,438.55,Active,,policies.csv,2026-09-03 13:30:17
POL002095,PART004,PRD007,2025-09-13,1970-09-13,M,Gauteng,167500.0,820.75,Active,,policies.csv,2026-09-03 13:30:17
POL002096,PART002,PRD003,2025-10-22,1967-10-22,F,Western Cape,75000.0,133.5,Active,,policies.csv,2026-09-03 13:30:17
POL002097,PART001,PRD002,2026-01-07,2002-01-07,F,Gauteng,45600.0,282.72,Active,,policies.csv,2026-09-03 13:30:17
POL002098,PART001,PRD001,2025-10-09,1990-10-09,M,Gauteng,60600.0,290.88,Active,,policies.csv,2026-09-03 13:30:17
POL002099,PART001,PRD002,2026-01-15,1966-01-15,F,KwaZulu-Natal,125300.0,776.86,Active,,policies.csv,2026-09-03 13:30:17
POL002100,PART001,PRD002,2025-10-17,1993-10-17,F,Western Cape,146800.0,910.16,Active,,policies.csv,2026-09-03 13:30:17
POL002101,PART002,PRD003,2025-10-19,1964-10-19,M,Gauteng,100000.0,178.0,Active,,policies.csv,2026-09-03 13:30:17
POL002102,PART004,PRD007,2026-02-27,2002-02-27,M,Gauteng,176500.0,864.85,Active,,policies.csv,2026-09-03 13:30:17
POL002103,PART004,PRD007,2025-08-16,1987-08-16,M,Gauteng,140900.0,690.41,Active,,policies.csv,2026-09-03 13:30:17
POL002104,PART001,PRD002,2025-11-25,1980-11-25,F,Limpopo,76300.0,473.06,Active,,policies.csv,2026-09-03 13:30:17
POL002105,PART003,PRD006,2025-12-16,1984-12-16,F,KwaZulu-Natal,134200.0,885.72,Active,,policies.csv,2026-09-03 13:30:17
POL002106,PART002,PRD004,2025-12-02,1990-12-02,F,Free State,25000.0,37.25,Active,,policies.csv,2026-09-03 13:30:17
POL002107,PART005,PRD009,2026-03-27,1982-03-27,M,Gauteng,266000.0,1117.2,Active,,policies.csv,2026-09-03 13:30:17
POL002108,PART004,PRD008,2025-08-05,1989-08-05,M,Gauteng,100000.0,158.67,Active,,policies.csv,2026-09-03 13:30:17
POL002109,PART005,PRD010,2026-01-15,1996-01-15,F,Limpopo,203500.0,712.25,Active,,policies.csv,2026-09-03 13:30:17
POL002110,PART003,PRD005,2025-10-09,1989-10-09,M,Western Cape,33600.0,184.8,Active,,policies.csv,2026-09-03 13:30:17
POL002111,PART002,PRD003,2026-03-16,1971-03-16,M,Limpopo,25000.0,44.5,Active,,policies.csv,2026-09-03 13:30:17
POL002112,PART002,PRD003,2025-10-16,2003-10-16,M,Eastern Cape,75000.0,133.5,Active,,policies.csv,2026-09-03 13:30:17
POL002113,PART005,PRD009,2026-01-26,1964-01-26,F,Western Cape,209500.0,879.9,Active,,policies.csv,2026-09-03 13:30:17
POL002114,PART001,PRD001,2025-12-09,1991-12-09,F,Eastern Cape,27800.0,133.44,Active,,policies.csv,2026-09-03 13:30:17
POL002115,PART002,PRD003,2025-10-06,1962-10-06,F,Western Cape,50000.0,89.0,Active,,policies.csv,2026-09-03 13:30:17
POL002116,PART005,PRD009,2026-02-02,1998-02-02,F,Gauteng,221300.0,929.46,Active,,policies.csv,2026-09-03 13:30:17
POL002117,PART001,PRD001,2025-09-02,1970-09-02,F,KwaZulu-Natal,22900.0,109.92,Cancelled,2025-10-02,policies.csv,2026-09-03 13:30:17
POL002118,PART004,PRD007,2025-09-12,1975-09-12,M,Gauteng,197800.0,969.22,Active,,policies.csv,2026-09-03 13:30:17
POL002119,PART004,PRD007,2026-03-10,2005-03-10,M,Western Cape,79800.0,391.02,Active,,policies.csv,2026-09-03 13:30:17
POL002120,PART001,PRD001,2025-07-21,1974-07-21,F,Limpopo,52000.0,249.6,Active,,policies.csv,2026-09-03 13:30:17
POL002121,PART001,PRD001,2026-04-05,1966-04-05,M,Gauteng,30900.0,148.32,Active,,policies.csv,2026-09-03 13:30:17
POL002122,PART003,PRD006,2025-09-02,1988-09-02,M,Eastern Cape,69800.0,460.68,Active,,policies.csv,2026-09-03 13:30:17
POL002123,PART003,PRD005,2025-09-06,1996-09-06,F,North West,65300.0,359.15,Active,,policies.csv,2026-09-03 13:30:17
POL002124,PART005,PRD010,2026-03-21,1969-03-21,M,Gauteng,181900.0,636.65,Active,,policies.csv,2026-09-03 13:30:17
POL002125,PART001,PRD001,2025-12-06,1998-12-06,M,North West,52300.0,251.04,Active,,policies.csv,2026-09-03 13:30:17
POL002126,PART005,PRD010,2025-12-25,1978-12-25,M,Western Cape,232800.0,814.8,Active,,policies.csv,2026-09-03 13:30:17
POL002127,PART002,PRD004,2025-10-22,1965-10-22,F,North West,25000.0,37.25,Lapsed,2026-06-22,policies.csv,2026-09-03 13:30:17
POL002128,PART004,PRD008,2026-01-28,1997-01-28,M,Gauteng,100000.0,158.67,Active,,policies.csv,2026-09-03 13:30:17
POL002129,PART003,PRD005,2025-07-29,1989-07-29,F,Gauteng,79400.0,436.7,Active,,policies.csv,2026-09-03 13:30:17
POL002130,PART002,PRD003,2026-03-25,1988-03-25,M,KwaZulu-Natal,50000.0,89.0,Active,,policies.csv,2026-09-03 13:30:17
POL002131,PART001,PRD002,2025-12-23,1966-12-23,F,Gauteng,39800.0,246.76,Active,,policies.csv,2026-09-03 13:30:17
POL002132,PART005,PRD009,2026-03-27,1969-03-27,M,Limpopo,136400.0,572.88,Cancelled,2026-06-27,policies.csv,2026-09-03 13:30:17
POL002133,PART003,PRD006,2025-12-17,1997-12-17,M,Gauteng,134800.0,889.68,Active,,policies.csv,2026-09-03 13:30:17
POL002134,PART002,PRD004,2026-03-18,1982-03-18,F,Western Cape,50000.0,74.5,Active,,policies.csv,2026-09-03 13:30:17
POL002135,PART004,PRD008,2025-08-28,1966-08-28,F,North West,25000.0,39.67,Active,,policies.csv,2026-09-03 13:30:17
POL002136,PART001,PRD002,2026-01-19,1974-01-19,M,North West,107300.0,665.26,Active,,policies.csv,2026-09-03 13:30:17
POL002137,PART004,PRD008,2026-04-04,1968-04-04,M,Eastern Cape,25000.0,39.67,Active,,policies.csv,2026-09-03 13:30:17
POL002138,PART002,PRD004,2026-04-10,1969-04-10,M,KwaZulu-Natal,50000.0,74.5,Active,,policies.csv,2026-09-03 13:30:17
POL002139,PART002,PRD003,2026-02-23,1975-02-23,M,Mpumalanga,50000.0,89.0,Active,,policies.csv,2026-09-03 13:30:17
POL002140,PART005,PRD010,2025-12-19,2004-12-19,M,Eastern Cape,216100.0,756.35,Active,,policies.csv,2026-09-03 13:30:17
POL002141,PART004,PRD008,2025-12-23,1968-12-23,F,Gauteng,25000.0,39.67,Active,,policies.csv,2026-09-03 13:30:17
POL002142,PART001,PRD001,2025-09-10,1994-09-10,F,Western Cape,40800.0,195.84,Active,,policies.csv,2026-09-03 13:30:17
POL002143,PART005,PRD009,2026-01-23,1978-01-23,F,KwaZulu-Natal,81300.0,341.46,Active,,policies.csv,2026-09-03 13:30:17
POL002144,PART003,PRD005,2025-09-16,1969-09-16,F,Western Cape,43100.0,237.05,Active,,policies.csv,2026-09-03 13:30:17
POL002145,PART002,PRD003,2026-01-08,1977-01-08,M,Gauteng,75000.0,133.5,Active,,policies.csv,2026-09-03 13:30:17
POL002146,PART003,PRD005,2025-09-05,1986-09-05,F,KwaZulu-Natal,49700.0,273.35,Active,,policies.csv,2026-09-03 13:30:17
POL002147,PART001,PRD002,2025-12-22,1982-12-22,M,KwaZulu-Natal,58100.0,360.22,Active,,policies.csv,2026-09-03 13:30:17
POL002148,PART003,PRD005,2025-11-12,1991-11-12,F,Gauteng,83900.0,461.45,Lapsed,2026-06-12,policies.csv,2026-09-03 13:30:17
POL002149,PART002,PRD004,2025-09-02,1996-09-02,F,Western Cape,75000.0,111.75,Active,,policies.csv,2026-09-03 13:30:17
POL002150,PART005,PRD009,2026-01-06,1999-01-06,M,Western Cape,253800.0,1065.96,Active,,policies.csv,2026-09-03 13:30:17
POL002151,PART002,PRD003,2026-02-08,2005-02-08,M,Western Cape,50000.0,89.0,Active,,policies.csv,2026-09-03 13:30:17
POL002152,PART003,PRD006,2026-03-26,1990-03-26,M,Gauteng,70900.0,467.94,Cancelled,2026-04-26,policies.csv,2026-09-03 13:30:17
POL002153,PART004,PRD007,2026-03-18,1986-03-18,M,Gauteng,58400.0,286.16,Active,,policies.csv,2026-09-03 13:30:17
POL002154,PART001,PRD002,2025-08-08,1987-08-08,F,Mpumalanga,117300.0,727.26,Lapsed,2025-11-08,policies.csv,2026-09-03 13:30:17
POL002155,PART005,PRD009,2025-12-20,2002-12-20,F,Limpopo,276300.0,1160.46,Active,,policies.csv,2026-09-03 13:30:17
POL002156,PART004,PRD007,2025-07-09,2003-07-09,M,Western Cape,176400.0,864.36,Active,,policies.csv,2026-09-03 13:30:17
POL002157,PART005,PRD009,2026-02-05,1990-02-05,M,KwaZulu-Natal,148300.0,622.86,Active,,policies.csv,2026-09-03 13:30:17
POL002158,PART004,PRD008,2025-11-03,1963-11-03,F,Gauteng,50000.0,79.33,Active,,policies.csv,2026-09-03 13:30:17
POL002159,PART002,PRD003,2025-12-18,1993-12-18,F,Gauteng,100000.0,178.0,Active,,policies.csv,2026-09-03 13:30:17
POL002160,PART001,PRD001,2025-12-11,1987-12-11,F,KwaZulu-Natal,45600.0,218.88,Active,,policies.csv,2026-09-03 13:30:17
POL002161,PART003,PRD006,2025-11-09,1995-11-09,M,Mpumalanga,191200.0,1261.92,Active,,policies.csv,2026-09-03 13:30:17
POL002162,PART002,PRD004,2025-07-07,1962-07-07,M,North West,25000.0,37.25,Active,,policies.csv,2026-09-03 13:30:17
POL002163,PART002,PRD004,2025-09-22,1996-09-22,M,Gauteng,100000.0,149.0,Active,,policies.csv,2026-09-03 13:30:17
POL002164,PART002,PRD003,2025-11-17,1970-11-17,M,KwaZulu-Natal,100000.0,178.0,Active,,policies.csv,2026-09-03 13:30:17
POL002165,PART004,PRD007,2026-02-13,1982-02-13,M,Eastern Cape,78200.0,383.18,Active,,policies.csv,2026-09-03 13:30:17
POL002166,PART004,PRD008,2025-11-24,1982-11-24,F,KwaZulu-Natal,75000.0,119.0,Active,,policies.csv,2026-09-03 13:30:17
POL002167,PART005,PRD010,2025-09-23,1995-09-23,F,Limpopo,242200.0,847.7,Active,,policies.csv,2026-09-03 13:30:17
POL002168,PART005,PRD009,2026-02-27,1972-02-27,M,Western Cape,122700.0,515.34,Active,,policies.csv,2026-09-03 13:30:17
POL002169,PART002,PRD003,2026-04-16,1974-04-16,F,Western Cape,100000.0,178.0,Active,,policies.csv,2026-09-03 13:30:17
POL002170,PART004,PRD008,2025-12-22,1964-12-22,M,Gauteng,25000.0,39.67,Cancelled,2026-03-22,policies.csv,2026-09-03 13:30:17
POL002171,PART003,PRD006,2025-11-05,1985-11-05,M,Mpumalanga,60500.0,399.3,Active,,policies.csv,2026-09-03 13:30:17
POL002172,PART004,PRD008,2026-03-06,1987-03-06,F,Eastern Cape,100000.0,158.67,Active,,policies.csv,2026-09-03 13:30:17
POL002173,PART003,PRD006,2025-07-10,1977-07-10,F,Western Cape,146700.0,968.22,Active,,policies.csv,2026-09-03 13:30:17
POL002174,PART001,PRD001,2026-02-23,1965-02-23,M,Gauteng,44500.0,213.6,Lapsed,2026-06-30,policies.csv,2026-09-03 13:30:17
POL002175,PART004,PRD008,2025-08-03,1992-08-03,M,Free State,75000.0,119.0,Active,,policies.csv,2026-09-03 13:30:17
POL002176,PART003,PRD006,2026-03-11,1988-03-11,F,Western Cape,142100.0,937.86,Cancelled,2026-06-30,policies.csv,2026-09-03 13:30:17
POL002177,PART002,PRD003,2025-08-24,1987-08-24,F,Gauteng,100000.0,178.0,Active,,policies.csv,2026-09-03 13:30:17
POL002178,PART005,PRD009,2026-01-01,2002-01-01,F,Mpumalanga,75800.0,318.36,Active,,policies.csv,2026-09-03 13:30:17
POL002179,PART001,PRD001,2025-08-13,1967-08-13,F,Free State,60100.0,288.48,Lapsed,2026-02-13,policies.csv,2026-09-03 13:30:17
POL002180,PART002,PRD003,2025-11-28,1985-11-28,F,Gauteng,25000.0,44.5,Active,,policies.csv,2026-09-03 13:30:17
POL002181,PART004,PRD007,2026-02-18,1966-02-18,F,Gauteng,72000.0,352.8,Active,,policies.csv,2026-09-03 13:30:17
POL002182,PART001,PRD002,2026-02-02,2000-02-02,M,Gauteng,48300.0,299.46,Active,,policies.csv,2026-09-03 13:30:17
POL002183,PART001,PRD002,2026-01-03,1989-01-03,F,KwaZulu-Natal,112600.0,698.12,Active,,policies.csv,2026-09-03 13:30:17
POL002184,PART004,PRD007,2026-03-27,1983-03-27,F,Gauteng,187300.0,917.77,Cancelled,2026-04-27,policies.csv,2026-09-03 13:30:17
POL002185,PART004,PRD008,2025-09-19,1977-09-19,M,Western Cape,50000.0,79.33,Active,,policies.csv,2026-09-03 13:30:17
POL002186,PART004,PRD008,2026-03-02,1977-03-02,M,Western Cape,25000.0,39.67,Cancelled,2026-04-02,policies.csv,2026-09-03 13:30:17
POL002187,PART004,PRD007,2025-10-16,1964-10-16,M,Western Cape,72400.0,354.76,Lapsed,2026-06-30,policies.csv,2026-09-03 13:30:17
POL002188,PART005,PRD010,2025-12-21,1989-12-21,M,Gauteng,228000.0,798.0,Active,,policies.csv,2026-09-03 13:30:17
POL002189,PART002,PRD004,2026-04-27,1981-04-27,F,Gauteng,50000.0,74.5,Active,,policies.csv,2026-09-03 13:30:17
POL002190,PART002,PRD004,2025-12-08,1983-12-08,M,Gauteng,25000.0,37.25,Active,,policies.csv,2026-09-03 13:30:17
POL002191,PART005,PRD010,2025-12-09,1992-12-09,M,Western Cape,81900.0,286.65,Active,,policies.csv,2026-09-03 13:30:17
POL002193,PART001,PRD001,2026-01-13,1993-01-13,M,Western Cape,46100.0,221.28,Active,,policies.csv,2026-09-03 13:30:17
POL002194,PART002,PRD003,2025-07-13,1988-07-13,F,Gauteng,50000.0,89.0,Active,,policies.csv,2026-09-03 13:30:17
POL002195,PART001,PRD002,2025-08-19,1974-08-19,F,KwaZulu-Natal,109200.0,677.04,Active,,policies.csv,2026-09-03 13:30:17
POL002196,PART001,PRD001,2025-11-23,1994-11-23,F,KwaZulu-Natal,25100.0,120.48,Active,,policies.csv,2026-09-03 13:30:17
POL002197,PART001,PRD001,2025-10-23,1972-10-23,M,Western Cape,26300.0,126.24,Active,,policies.csv,2026-09-03 13:30:17
POL002198,PART001,PRD002,2026-01-26,1979-01-26,F,Limpopo,113600.0,704.32,Active,,policies.csv,2026-09-03 13:30:17
POL002199,PART005,PRD010,2026-03-01,1977-03-01,F,Western Cape,193600.0,677.6,Active,,policies.csv,2026-09-03 13:30:17
POL002200,PART001,PRD002,2025-12-19,1971-12-19,M,Western Cape,73100.0,453.22,Active,,policies.csv,2026-09-03 13:30:17
POL002201,PART004,PRD007,2026-01-10,1970-01-10,F,KwaZulu-Natal,133600.0,654.64,Active,,policies.csv,2026-09-03 13:30:17
POL002202,PART003,PRD005,2025-10-19,1976-10-19,M,North West,47400.0,260.7,Active,,policies.csv,2026-09-03 13:30:17
POL002203,PART002,PRD003,2025-12-02,1976-12-02,F,Eastern Cape,100000.0,178.0,Cancelled,2026-03-02,policies.csv,2026-09-03 13:30:17
POL002204,PART004,PRD008,2026-03-12,2002-03-12,F,Western Cape,50000.0,79.33,Active,,policies.csv,2026-09-03 13:30:17
POL002205,PART001,PRD002,2026-01-14,2001-01-14,F,Gauteng,91400.0,566.68,Active,,policies.csv,2026-09-03 13:30:17
POL002206,PART003,PRD005,2025-09-08,1986-09-08,F,KwaZulu-Natal,96400.0,530.2,Active,,policies.csv,2026-09-03 13:30:17
POL002207,PART002,PRD003,2026-04-18,1968-04-18,M,Western Cape,50000.0,89.0,Active,,policies.csv,2026-09-03 13:30:17
POL002208,PART005,PRD009,2025-10-30,1976-10-30,F,Gauteng,239500.0,1005.9,Active,,policies.csv,2026-09-03 13:30:17
POL002209,PART003,PRD005,2025-09-18,1963-09-18,F,Gauteng,49100.0,270.05,Active,,policies.csv,2026-09-03 13:30:17
POL002210,PART002,PRD004,2025-08-21,1965-08-21,M,Mpumalanga,100000.0,149.0,Lapsed,2025-11-21,policies.csv,2026-09-03 13:30:17
POL002211,PART004,PRD007,2025-09-27,1998-09-27,M,Free State,182500.0,894.25,Active,,policies.csv,2026-09-03 13:30:17
POL002212,PART001,PRD002,2025-12-24,1979-12-24,M,Gauteng,144400.0,895.28,Active,,policies.csv,2026-09-03 13:30:17
POL002213,PART002,PRD003,2025-07-11,1966-07-11,M,Gauteng,100000.0,178.0,Active,,policies.csv,2026-09-03 13:30:17
POL002214,PART003,PRD005,2026-02-10,1986-02-10,F,Western Cape,52100.0,286.55,Active,,policies.csv,2026-09-03 13:30:17
POL002215,PART003,PRD006,2025-12-24,1981-12-24,M,Gauteng,124200.0,819.72,Active,,policies.csv,2026-09-03 13:30:17
POL002216,PART004,PRD007,2025-07-21,1967-07-21,F,Eastern Cape,168500.0,825.65,Active,,policies.csv,2026-09-03 13:30:17
POL002217,PART002,PRD004,2026-04-10,1985-04-10,M,Gauteng,50000.0,74.5,Active,,policies.csv,2026-09-03 13:30:17
POL002218,PART001,PRD001,2026-02-10,1975-02-10,F,Gauteng,69300.0,332.64,Active,,policies.csv,2026-09-03 13:30:17
POL002219,PART003,PRD005,2026-04-11,1980-04-11,F,Western Cape,26600.0,146.3,Active,,policies.csv,2026-09-03 13:30:17
POL002220,PART002,PRD003,2025-10-03,1977-10-03,F,Gauteng,75000.0,133.5,Active,,policies.csv,2026-09-03 13:30:17
POL002221,PART001,PRD001,2025-11-14,1987-11-14,M,Gauteng,33100.0,158.88,Active,,policies.csv,2026-09-03 13:30:17
POL002222,PART004,PRD008,2025-10-24,1989-10-24,F,North West,100000.0,158.67,Active,,policies.csv,2026-09-03 13:30:17
POL002223,PART003,PRD006,2025-12-18,1999-12-18,F,Gauteng,150000.0,990.0,Active,,policies.csv,2026-09-03 13:30:17
POL002224,PART004,PRD007,2026-02-18,1995-02-18,M,KwaZulu-Natal,152300.0,746.27,Cancelled,2026-06-30,policies.csv,2026-09-03 13:30:17
POL002225,PART002,PRD003,2026-03-08,1975-03-08,M,KwaZulu-Natal,50000.0,89.0,Active,,policies.csv,2026-09-03 13:30:17
POL002226,PART004,PRD008,2026-02-07,1986-02-07,M,Gauteng,50000.0,79.33,Lapsed,2026-06-30,policies.csv,2026-09-03 13:30:17
POL002227,PART001,PRD001,2025-08-19,1974-08-19,M,KwaZulu-Natal,65900.0,316.32,Active,,policies.csv,2026-09-03 13:30:17
POL002228,PART001,PRD002,2026-02-17,2006-02-17,F,Western Cape,44800.0,277.76,Active,,policies.csv,2026-09-03 13:30:17
POL002229,PART004,PRD007,2025-10-03,1982-10-03,F,Western Cape,122000.0,597.8,Active,,policies.csv,2026-09-03 13:30:17
POL002230,PART001,PRD002,2026-04-05,1969-04-05,F,KwaZulu-Natal,132400.0,820.88,Active,,policies.csv,2026-09-03 13:30:17
POL002231,PART005,PRD010,2025-11-16,1966-11-16,M,Gauteng,247500.0,866.25,Active,,policies.csv,2026-09-03 13:30:17
POL002232,PART001,PRD002,2025-09-09,1993-09-09,F,Western Cape,149600.0,927.52,Active,,policies.csv,2026-09-03 13:30:17
POL002233,PART005,PRD009,2025-11-26,1993-11-26,F,Gauteng,139100.0,584.22,Lapsed,2026-05-26,policies.csv,2026-09-03 13:30:17
POL002234,PART002,PRD003,2025-07-15,1998-07-15,F,Free State,50000.0,89.0,Active,,policies.csv,2026-09-03 13:30:17
POL002235,PART001,PRD001,2026-04-24,1997-04-24,F,Gauteng,20300.0,97.44,Active,,policies.csv,2026-09-03 13:30:17
POL002236,PART005,PRD010,2025-09-13,1972-09-13,M,Western Cape,83300.0,291.55,Active,,policies.csv,2026-09-03 13:30:17
POL002237,PART005,PRD010,2025-11-21,1985-11-21,F,Gauteng,229600.0,803.6,Active,,policies.csv,2026-09-03 13:30:17
POL002238,PART005,PRD009,2025-10-14,1983-10-14,F,Gauteng,233600.0,981.12,Active,,policies.csv,2026-09-03 13:30:17
POL002239,PART001,PRD001,2026-03-18,1969-03-18,M,Western Cape,74000.0,355.2,Active,,policies.csv,2026-09-03 13:30:17
POL002240,PART004,PRD008,2025-12-01,1968-12-01,F,Free State,75000.0,119.0,Lapsed,2026-06-01,policies.csv,2026-09-03 13:30:17
POL002241,PART002,PRD003,2026-04-25,1980-04-25,F,Free State,50000.0,89.0,Active,,policies.csv,2026-09-03 13:30:17
POL002242,PART004,PRD008,2025-09-26,1969-09-26,M,Mpumalanga,100000.0,158.67,Cancelled,2025-10-26,policies.csv,2026-09-03 13:30:17
POL002244,PART002,PRD003,2025-07-18,1992-07-18,M,Gauteng,100000.0,178.0,Active,,policies.csv,2026-09-03 13:30:17
POL002245,PART005,PRD010,2025-09-20,1961-09-20,F,KwaZulu-Natal,70100.0,245.35,Active,,policies.csv,2026-09-03 13:30:17
POL002246,PART003,PRD006,2025-09-14,1987-09-14,M,Gauteng,194600.0,1284.36,Active,,policies.csv,2026-09-03 13:30:17
POL002247,PART001,PRD001,2025-12-22,1982-12-22,M,Gauteng,30700.0,147.36,Active,,policies.csv,2026-09-03 13:30:17
POL002248,PART004,PRD008,2026-01-14,1995-01-14,F,Gauteng,25000.0,39.67,Active,,policies.csv,2026-09-03 13:30:17
POL002249,PART001,PRD001,2026-03-13,2003-03-13,M,Gauteng,31400.0,150.72,Active,,policies.csv,2026-09-03 13:30:17
POL002250,PART004,PRD008,2026-04-25,1966-04-25,F,Western Cape,75000.0,119.0,Active,,policies.csv,2026-09-03 13:30:17
POL002251,PART001,PRD001,2026-02-25,1989-02-25,M,North West,45000.0,216.0,Lapsed,2026-06-30,policies.csv,2026-09-03 13:30:17
POL002252,PART002,PRD004,2025-11-21,1994-11-21,M,Gauteng,50000.0,74.5,Active,,policies.csv,2026-09-03 13:30:17
POL002253,PART001,PRD002,2025-11-07,1963-11-07,M,Gauteng,112500.0,697.5,Lapsed,2026-06-30,policies.csv,2026-09-03 13:30:17
POL002254,PART002,PRD004,2026-03-20,1988-03-20,M,Western Cape,100000.0,149.0,Cancelled,2026-06-30,policies.csv,2026-09-03 13:30:17
POL002255,PART001,PRD002,2026-03-09,1981-03-09,F,Eastern Cape,142400.0,882.88,Active,,policies.csv,2026-09-03 13:30:17
POL002256,PART001,PRD002,2025-08-28,1998-08-28,M,KwaZulu-Natal,67000.0,415.4,Active,,policies.csv,2026-09-03 13:30:17
POL002257,PART005,PRD009,2026-03-09,1996-03-09,F,Gauteng,237500.0,997.5,Active,,policies.csv,2026-09-03 13:30:17
POL002258,PART001,PRD001,2025-07-09,1998-07-09,M,Western Cape,41600.0,199.68,Active,,policies.csv,2026-09-03 13:30:17
POL002259,PART002,PRD003,2026-02-04,1971-02-04,F,Western Cape,100000.0,178.0,Active,,policies.csv,2026-09-03 13:30:17
POL002260,PART004,PRD008,2025-12-25,1964-12-25,F,KwaZulu-Natal,50000.0,79.33,Active,,policies.csv,2026-09-03 13:30:17
POL002261,PART002,PRD004,2025-12-17,2003-12-17,M,Gauteng,75000.0,111.75,Lapsed,2026-05-17,policies.csv,2026-09-03 13:30:17
POL002262,PART004,PRD007,2026-02-06,1967-02-06,F,North West,85500.0,418.95,Active,,policies.csv,2026-09-03 13:30:17
POL002263,PART001,PRD002,2026-03-19,1997-03-19,M,Eastern Cape,87900.0,544.98,Active,,policies.csv,2026-09-03 13:30:17
POL002264,PART001,PRD002,2025-10-10,1984-10-10,F,Gauteng,38300.0,237.46,Active,,policies.csv,2026-09-03 13:30:17
POL002265,PART004,PRD007,2025-11-21,1991-11-21,M,Eastern Cape,111900.0,548.31,Active,,policies.csv,2026-09-03 13:30:17
POL002266,PART001,PRD002,2025-12-28,1998-12-28,F,Gauteng,106400.0,659.68,Active,,policies.csv,2026-09-03 13:30:17
POL002267,PART001,PRD001,2025-09-03,1969-09-03,F,Eastern Cape,58100.0,278.88,Active,,policies.csv,2026-09-03 13:30:17
POL002268,PART004,PRD008,2026-02-23,1977-02-23,F,KwaZulu-Natal,25000.0,39.67,Active,,policies.csv,2026-09-03 13:30:17
POL002269,PART004,PRD008,2025-09-17,1989-09-17,M,Western Cape,25000.0,39.67,Cancelled,2026-03-17,policies.csv,2026-09-03 13:30:17
POL002270,PART004,PRD008,2026-02-15,1984-02-15,F,Eastern Cape,75000.0,119.0,Active,,policies.csv,2026-09-03 13:30:17
POL002271,PART002,PRD003,2025-12-09,1982-12-09,M,Eastern Cape,100000.0,178.0,Active,,policies.csv,2026-09-03 13:30:17
POL002272,PART001,PRD002,2025-10-28,1975-10-28,M,Gauteng,61800.0,383.16,Active,,policies.csv,2026-09-03 13:30:17
POL002273,PART003,PRD005,2026-02-12,1990-02-12,M,KwaZulu-Natal,46900.0,257.95,Active,,policies.csv,2026-09-03 13:30:17
POL002274,PART004,PRD007,2025-09-12,1982-09-12,F,Western Cape,98700.0,483.63,Active,,policies.csv,2026-09-03 13:30:17
POL002275,PART004,PRD008,2025-07-09,1983-07-09,F,Gauteng,50000.0,79.33,Active,,policies.csv,2026-09-03 13:30:17
POL002276,PART001,PRD001,2025-10-03,1961-10-03,F,North West,29900.0,143.52,Active,,policies.csv,2026-09-03 13:30:17
POL002277,PART001,PRD001,2026-04-19,2002-04-19,M,North West,62300.0,299.04,Active,,policies.csv,2026-09-03 13:30:17
POL002278,PART004,PRD007,2025-08-22,2002-08-22,M,Gauteng,77200.0,378.28,Lapsed,2026-02-22,policies.csv,2026-09-03 13:30:17
POL002279,PART002,PRD003,2026-02-19,1987-02-19,M,Free State,50000.0,89.0,Cancelled,2026-05-19,policies.csv,2026-09-03 13:30:17
POL002280,PART002,PRD003,2025-09-18,1995-09-18,M,Free State,100000.0,178.0,Active,,policies.csv,2026-09-03 13:30:17
POL002281,PART005,PRD010,2026-02-09,1986-02-09,F,Gauteng,136700.0,478.45,Active,,policies.csv,2026-09-03 13:30:17
POL002282,PART004,PRD007,2025-10-26,1994-10-26,M,Eastern Cape,139500.0,683.55,Lapsed,2026-04-26,policies.csv,2026-09-03 13:30:17
POL002283,PART004,PRD008,2026-02-06,1986-02-06,F,Limpopo,75000.0,119.0,Active,,policies.csv,2026-09-03 13:30:17
POL002284,PART003,PRD006,2025-10-25,2000-10-25,M,Gauteng,189400.0,1250.04,Lapsed,2025-12-25,policies.csv,2026-09-03 13:30:17
POL002285,PART005,PRD009,2026-03-03,1981-03-03,F,Limpopo,130200.0,546.84,Active,,policies.csv,2026-09-03 13:30:17
POL002286,PART001,PRD002,2025-10-21,1971-10-21,M,Gauteng,95500.0,592.1,Active,,policies.csv,2026-09-03 13:30:17
POL002287,PART002,PRD003,2025-09-02,1990-09-02,F,Gauteng,75000.0,133.5,Active,,policies.csv,2026-09-03 13:30:17
POL002288,PART004,PRD007,2026-02-02,1981-02-02,M,Western Cape,130800.0,640.92,Active,,policies.csv,2026-09-03 13:30:17
POL002289,PART003,PRD005,2025-12-04,1965-12-04,F,Gauteng,73800.0,405.9,Active,,policies.csv,2026-09-03 13:30:17
POL002290,PART005,PRD009,2025-08-15,1983-08-15,F,Gauteng,215400.0,904.68,Active,,policies.csv,2026-09-03 13:30:17
POL002291,PART002,PRD004,2025-07-11,1968-07-11,F,Free State,100000.0,149.0,Active,,policies.csv,2026-09-03 13:30:17
POL002292,PART001,PRD002,2025-07-11,1996-07-11,M,Gauteng,120000.0,744.0,Active,,policies.csv,2026-09-03 13:30:17
POL002293,PART004,PRD008,2026-02-19,1966-02-19,F,Mpumalanga,75000.0,119.0,Active,,policies.csv,2026-09-03 13:30:17
POL002294,PART002,PRD004,2026-04-25,1998-04-25,M,Mpumalanga,50000.0,74.5,Active,,policies.csv,2026-09-03 13:30:17
POL002295,PART001,PRD002,2025-08-12,2002-08-12,M,Western Cape,80900.0,501.58,Active,,policies.csv,2026-09-03 13:30:17
POL002296,PART002,PRD004,2026-03-21,1992-03-21,F,Free State,25000.0,37.25,Active,,policies.csv,2026-09-03 13:30:17
POL002297,PART003,PRD005,2025-09-23,1996-09-23,F,KwaZulu-Natal,65500.0,360.25,Lapsed,2025-11-23,policies.csv,2026-09-03 13:30:17
POL002298,PART003,PRD005,2026-04-13,2003-04-13,M,Limpopo,84300.0,463.65,Active,,policies.csv,2026-09-03 13:30:17
POL002299,PART003,PRD005,2025-08-01,1968-08-01,F,KwaZulu-Natal,87700.0,482.35,Active,,policies.csv,2026-09-03 13:30:17
POL002300,PART004,PRD008,2026-02-12,1975-02-12,M,Limpopo,25000.0,39.67,Active,,policies.csv,2026-09-03 13:30:17
POL002301,PART001,PRD001,2025-08-20,1968-08-20,F,Western Cape,70500.0,338.4,Active,,policies.csv,2026-09-03 13:30:17
POL002302,PART002,PRD004,2025-11-05,1993-11-05,M,KwaZulu-Natal,100000.0,149.0,Active,,policies.csv,2026-09-03 13:30:17
POL002303,PART004,PRD007,2025-10-30,2004-10-30,F,Western Cape,167500.0,820.75,Active,,policies.csv,2026-09-03 13:30:17
POL002304,PART005,PRD010,2025-11-07,1966-11-07,F,Limpopo,226400.0,792.4,Active,,policies.csv,2026-09-03 13:30:17
POL002305,PART001,PRD002,2025-11-04,1994-11-04,M,Limpopo,78800.0,488.56,Active,,policies.csv,2026-09-03 13:30:17
POL002306,PART003,PRD006,2026-02-05,1994-02-05,F,Western Cape,109700.0,724.02,Active,,policies.csv,2026-09-03 13:30:17
POL002307,PART005,PRD010,2025-12-04,1975-12-04,F,Gauteng,119500.0,418.25,Lapsed,2026-02-04,policies.csv,2026-09-03 13:30:17
POL002308,PART001,PRD001,2025-09-06,1995-09-06,F,Gauteng,50200.0,240.96,Cancelled,2026-02-06,policies.csv,2026-09-03 13:30:17
POL002309,PART002,PRD003,2025-10-12,1967-10-12,F,Western Cape,25000.0,44.5,Active,,policies.csv,2026-09-03 13:30:17
POL002310,PART003,PRD006,2025-12-12,1995-12-12,F,Gauteng,174400.0,1151.04,Active,,policies.csv,2026-09-03 13:30:17
POL002311,PART004,PRD007,2025-12-16,1980-12-16,M,Limpopo,198200.0,971.18,Active,,policies.csv,2026-09-03 13:30:17
POL002312,PART002,PRD003,2025-12-20,1976-12-20,M,Gauteng,100000.0,178.0,Active,,policies.csv,2026-09-03 13:30:17
POL002313,PART004,PRD007,2025-09-14,1990-09-14,M,Gauteng,163200.0,799.68,Active,,policies.csv,2026-09-03 13:30:17
POL002314,PART004,PRD007,2026-01-26,1970-01-26,M,Gauteng,150300.0,736.47,Active,,policies.csv,2026-09-03 13:30:17
POL002315,PART003,PRD005,2026-04-02,1996-04-02,F,KwaZulu-Natal,87200.0,479.6,Active,,policies.csv,2026-09-03 13:30:17
POL002316,PART005,PRD010,2026-04-14,1979-04-14,M,Western Cape,103700.0,362.95,Active,,policies.csv,2026-09-03 13:30:17
POL002317,PART001,PRD002,2026-01-28,1981-01-28,F,Gauteng,73100.0,453.22,Active,,policies.csv,2026-09-03 13:30:17
POL002318,PART005,PRD009,2026-02-02,1964-02-02,M,Gauteng,237600.0,997.92,Active,,policies.csv,2026-09-03 13:30:17
POL002319,PART003,PRD005,2025-11-19,2005-11-19,F,Limpopo,91700.0,504.35,Cancelled,2026-04-19,policies.csv,2026-09-03 13:30:17
POL002320,PART002,PRD004,2026-03-11,1995-03-11,F,KwaZulu-Natal,25000.0,37.25,Cancelled,2026-06-11,policies.csv,2026-09-03 13:30:17
POL002321,PART005,PRD010,2026-04-15,1970-04-15,M,Mpumalanga,203600.0,712.6,Active,,policies.csv,2026-09-03 13:30:17
POL002322,PART002,PRD003,2026-04-01,1993-04-01,F,Mpumalanga,75000.0,133.5,Active,,policies.csv,2026-09-03 13:30:17
POL002323,PART001,PRD001,2026-04-17,1964-04-17,F,Gauteng,19800.0,95.04,Active,,policies.csv,2026-09-03 13:30:17
POL002324,PART003,PRD005,2025-11-17,1976-11-17,F,KwaZulu-Natal,96300.0,529.65,Active,,policies.csv,2026-09-03 13:30:17
POL002325,PART005,PRD010,2025-08-21,1974-08-21,F,Gauteng,247600.0,866.6,Active,,policies.csv,2026-09-03 13:30:17
POL002326,PART004,PRD007,2026-03-05,2005-03-05,M,Gauteng,161400.0,790.86,Active,,policies.csv,2026-09-03 13:30:17
POL002327,PART004,PRD008,2025-11-14,1961-11-14,F,Gauteng,25000.0,39.67,Active,,policies.csv,2026-09-03 13:30:17
POL002328,PART005,PRD010,2026-03-28,1987-03-28,M,Western Cape,66600.0,233.1,Cancelled,2026-06-30,policies.csv,2026-09-03 13:30:17
POL002329,PART001,PRD002,2025-07-31,1966-07-31,F,KwaZulu-Natal,85700.0,531.34,Active,,policies.csv,2026-09-03 13:30:17
POL002330,PART002,PRD003,2025-09-21,1992-09-21,M,Mpumalanga,75000.0,133.5,Active,,policies.csv,2026-09-03 13:30:17
POL002331,PART005,PRD009,2025-07-15,2001-07-15,F,North West,223800.0,939.96,Active,,policies.csv,2026-09-03 13:30:17
POL002332,PART005,PRD010,2026-01-13,2005-01-13,M,Gauteng,100900.0,353.15,Active,,policies.csv,2026-09-03 13:30:17
POL002333,PART001,PRD002,2026-01-31,1981-01-31,M,Eastern Cape,68800.0,426.56,Active,,policies.csv,2026-09-03 13:30:17
POL002334,PART005,PRD010,2025-10-26,1962-10-26,M,Limpopo,222900.0,780.15,Active,,policies.csv,2026-09-03 13:30:17
POL002335,PART002,PRD003,2026-01-06,1962-01-06,F,KwaZulu-Natal,75000.0,133.5,Active,,policies.csv,2026-09-03 13:30:17
POL002336,PART004,PRD008,2025-07-28,1976-07-28,F,Gauteng,25000.0,39.67,Active,,policies.csv,2026-09-03 13:30:17
POL002337,PART005,PRD010,2026-04-16,2006-04-16,M,Western Cape,189200.0,662.2,Active,,policies.csv,2026-09-03 13:30:17
POL002338,PART002,PRD003,2026-01-16,2004-01-16,F,Free State,25000.0,44.5,Active,,policies.csv,2026-09-03 13:30:17
POL002339,PART005,PRD010,2026-02-10,1976-02-10,M,Western Cape,150100.0,525.35,Active,,policies.csv,2026-09-03 13:30:17
POL002340,PART005,PRD009,2025-11-22,1997-11-22,M,Free State,169700.0,712.74,Active,,policies.csv,2026-09-03 13:30:17
POL002341,PART001,PRD001,2026-01-03,1990-01-03,M,KwaZulu-Natal,37500.0,180.0,Cancelled,2026-06-30,policies.csv,2026-09-03 13:30:17
POL002342,PART002,PRD004,2026-02-01,1992-02-01,M,North West,25000.0,37.25,Active,,policies.csv,2026-09-03 13:30:17
POL002343,PART002,PRD003,2025-12-18,1988-12-18,F,Gauteng,75000.0,133.5,Active,,policies.csv,2026-09-03 13:30:17
POL002344,PART001,PRD002,2025-09-29,1985-09-29,M,KwaZulu-Natal,115900.0,718.58,Active,,policies.csv,2026-09-03 13:30:17
POL002345,PART002,PRD004,2025-08-23,1980-08-23,F,Gauteng,75000.0,111.75,Active,,policies.csv,2026-09-03 13:30:17
POL002346,PART001,PRD001,2026-04-18,1985-04-18,M,Western Cape,51000.0,244.8,Active,,policies.csv,2026-09-03 13:30:17
POL002347,PART004,PRD007,2026-02-01,1979-02-01,F,Eastern Cape,159100.0,779.59,Active,,policies.csv,2026-09-03 13:30:17
POL002348,PART002,PRD004,2025-07-02,1989-07-02,F,Free State,25000.0,37.25,Active,,policies.csv,2026-09-03 13:30:17
POL002349,PART004,PRD007,2025-08-08,1977-08-08,F,Gauteng,81700.0,400.33,Active,,policies.csv,2026-09-03 13:30:17
POL002350,PART001,PRD002,2025-09-01,1982-09-01,M,KwaZulu-Natal,145700.0,903.34,Active,,policies.csv,2026-09-03 13:30:17
POL002351,PART004,PRD007,2025-08-23,1992-08-23,F,Gauteng,189500.0,928.55,Cancelled,2026-03-23,policies.csv,2026-09-03 13:30:17
POL002352,PART005,PRD009,2025-12-27,1984-12-27,M,Mpumalanga,237200.0,996.24,Active,,policies.csv,2026-09-03 13:30:17
POL002353,PART003,PRD006,2026-02-19,1981-02-19,F,Gauteng,88800.0,586.08,Active,,policies.csv,2026-09-03 13:30:17
POL002354,PART004,PRD008,2026-04-04,1988-04-04,M,KwaZulu-Natal,75000.0,119.0,Active,,policies.csv,2026-09-03 13:30:17
POL002355,PART004,PRD007,2026-03-27,1964-03-27,M,KwaZulu-Natal,63200.0,309.68,Active,,policies.csv,2026-09-03 13:30:17
POL002356,PART004,PRD007,2026-01-26,1978-01-26,M,Gauteng,56400.0,276.36,Active,,policies.csv,2026-09-03 13:30:17
POL002357,PART005,PRD009,2025-10-03,1997-10-03,F,KwaZulu-Natal,94500.0,396.9,Active,,policies.csv,2026-09-03 13:30:17
POL002358,PART001,PRD001,2026-04-04,1971-04-04,M,Limpopo,73600.0,353.28,Active,,policies.csv,2026-09-03 13:30:17
POL002359,PART004,PRD007,2026-04-19,1971-04-19,M,North West,175900.0,861.91,Active,,policies.csv,2026-09-03 13:30:17
POL002360,PART005,PRD009,2026-01-11,2000-01-11,F,KwaZulu-Natal,86900.0,364.98,Active,,policies.csv,2026-09-03 13:30:17
POL002361,PART003,PRD005,2025-10-03,1983-10-03,F,Western Cape,73500.0,404.25,Lapsed,2025-12-03,policies.csv,2026-09-03 13:30:17
POL002362,PART003,PRD005,2025-09-23,1977-09-23,F,KwaZulu-Natal,73500.0,404.25,Active,,policies.csv,2026-09-03 13:30:17
POL002363,PART001,PRD001,2026-01-11,1972-01-11,M,KwaZulu-Natal,54100.0,259.68,Active,,policies.csv,2026-09-03 13:30:17
POL002364,PART003,PRD005,2025-10-15,1983-10-15,M,Gauteng,57400.0,315.7,Active,,policies.csv,2026-09-03 13:30:17
POL002365,PART004,PRD007,2025-10-10,1983-10-10,F,Western Cape,66700.0,326.83,Lapsed,2025-12-10,policies.csv,2026-09-03 13:30:17
POL002366,PART004,PRD007,2026-03-12,1993-03-12,F,KwaZulu-Natal,180300.0,883.47,Cancelled,2026-06-12,policies.csv,2026-09-03 13:30:17
POL002367,PART002,PRD003,2025-12-23,1987-12-23,M,Limpopo,75000.0,133.5,Lapsed,2026-05-23,policies.csv,2026-09-03 13:30:17
POL002368,PART003,PRD006,2026-04-22,1979-04-22,M,KwaZulu-Natal,147300.0,972.18,Active,,policies.csv,2026-09-03 13:30:17
POL002369,PART004,PRD008,2025-09-27,1967-09-27,M,KwaZulu-Natal,75000.0,119.0,Active,,policies.csv,2026-09-03 13:30:17
POL002370,PART005,PRD009,2025-12-18,1985-12-18,F,Gauteng,197200.0,828.24,Active,,policies.csv,2026-09-03 13:30:17
POL002371,PART003,PRD005,2026-02-18,1981-02-18,M,KwaZulu-Natal,34000.0,187.0,Active,,policies.csv,2026-09-03 13:30:17
POL002372,PART004,PRD007,2025-07-11,1965-07-11,F,Gauteng,154600.0,757.54,Active,,policies.csv,2026-09-03 13:30:17
POL002373,PART001,PRD001,2026-04-13,1995-04-13,M,Mpumalanga,29700.0,142.56,Active,,policies.csv,2026-09-03 13:30:17
POL002374,PART002,PRD003,2026-01-18,1972-01-18,M,KwaZulu-Natal,25000.0,44.5,Active,,policies.csv,2026-09-03 13:30:17
POL002375,PART004,PRD008,2025-10-06,1973-10-06,F,Mpumalanga,75000.0,119.0,Active,,policies.csv,2026-09-03 13:30:17
POL002376,PART005,PRD010,2026-04-26,1966-04-26,M,Mpumalanga,153500.0,537.25,Active,,policies.csv,2026-09-03 13:30:17
POL002377,PART001,PRD002,2025-11-25,1981-11-25,M,KwaZulu-Natal,120400.0,746.48,Active,,policies.csv,2026-09-03 13:30:17
POL002378,PART003,PRD006,2025-09-01,1979-09-01,M,Limpopo,130100.0,858.66,Cancelled,2025-10-01,policies.csv,2026-09-03 13:30:17
POL002379,PART001,PRD002,2025-11-30,1986-11-30,M,Gauteng,59300.0,367.66,Lapsed,2026-05-28,policies.csv,2026-09-03 13:30:17
POL002380,PART002,PRD004,2025-09-06,1967-09-06,F,Eastern Cape,50000.0,74.5,Active,,policies.csv,2026-09-03 13:30:17
POL002381,PART003,PRD005,2025-08-08,2002-08-08,F,KwaZulu-Natal,46700.0,256.85,Active,,policies.csv,2026-09-03 13:30:17
POL002382,PART004,PRD007,2026-02-18,1986-02-18,M,Gauteng,91100.0,446.39,Active,,policies.csv,2026-09-03 13:30:17
POL002383,PART002,PRD004,2025-08-19,1986-08-19,M,Gauteng,50000.0,74.5,Active,,policies.csv,2026-09-03 13:30:17
POL002384,PART003,PRD005,2026-02-27,1986-02-27,F,KwaZulu-Natal,86900.0,477.95,Active,,policies.csv,2026-09-03 13:30:17
POL002385,PART005,PRD010,2025-07-13,1986-07-13,F,Gauteng,105800.0,370.3,Active,,policies.csv,2026-09-03 13:30:17
POL002386,PART002,PRD004,2025-08-09,1963-08-09,M,Gauteng,100000.0,149.0,Active,,policies.csv,2026-09-03 13:30:17
POL002387,PART005,PRD009,2025-12-14,1988-12-14,M,Gauteng,215300.0,904.26,Active,,policies.csv,2026-09-03 13:30:17
POL002388,PART001,PRD002,2025-08-30,1968-08-30,F,KwaZulu-Natal,129700.0,804.14,Active,,policies.csv,2026-09-03 13:30:17
POL002389,PART003,PRD005,2025-07-24,1986-07-24,M,Gauteng,39300.0,216.15,Active,,policies.csv,2026-09-03 13:30:17
POL002390,PART001,PRD001,2026-02-28,1976-02-28,M,Gauteng,45300.0,217.44,Cancelled,2026-06-30,policies.csv,2026-09-03 13:30:17
POL002391,PART001,PRD001,2025-07-11,1983-07-11,F,KwaZulu-Natal,50000.0,240.0,Active,,policies.csv,2026-09-03 13:30:17
POL002392,PART004,PRD007,2026-03-23,1975-03-23,F,Gauteng,150000.0,735.0,Cancelled,2026-06-30,policies.csv,2026-09-03 13:30:17
POL002393,PART001,PRD002,2025-12-02,1979-12-02,M,Limpopo,120200.0,745.24,Active,,policies.csv,2026-09-03 13:30:17
POL002394,PART003,PRD006,2026-01-27,2001-01-27,M,Gauteng,197800.0,1305.48,Active,,policies.csv,2026-09-03 13:30:17
POL002395,PART005,PRD009,2025-08-21,1986-08-21,M,Gauteng,99000.0,415.8,Active,,policies.csv,2026-09-03 13:30:17
POL002396,PART001,PRD002,2026-03-22,1996-03-22,M,Western Cape,70800.0,438.96,Cancelled,2026-04-22,policies.csv,2026-09-03 13:30:17
POL002397,PART003,PRD006,2025-11-23,1990-11-23,M,Mpumalanga,130800.0,863.28,Active,,policies.csv,2026-09-03 13:30:17
POL002398,PART004,PRD008,2025-11-23,1969-11-23,F,KwaZulu-Natal,25000.0,39.67,Active,,policies.csv,2026-09-03 13:30:17
POL002399,PART001,PRD001,2026-04-05,2002-04-05,M,Free State,22900.0,109.92,Active,,policies.csv,2026-09-03 13:30:17
POL002400,PART001,PRD001,2026-03-18,1996-03-18,M,Gauteng,52500.0,252.0,Active,,policies.csv,2026-09-03 13:30:17
POL001920,PART002,PRD004,2025-11-02,1973-11-02,F,KwaZulu-Natal,25000.0,37.25,Active,,policies.csv,2026-09-03 13:30:17
